period,respondent,respondent-name,fueltype,type-name,value,value-units
2025-12-12T00,US48,United States Lower 48,COL,Coal,102836,megawatthours
2025-12-11T23,US48,United States Lower 48,COL,Coal,99652,megawatthours
2025-12-11T22,US48,United States Lower 48,COL,Coal,95131,megawatthours
2025-12-11T21,US48,United States Lower 48,COL,Coal,93223,megawatthours
2025-12-11T20,US48,United States Lower 48,COL,Coal,93138,megawatthours
2025-12-11T19,US48,United States Lower 48,COL,Coal,93645,megawatthours
2025-12-11T18,US48,United States Lower 48,COL,Coal,95859,megawatthours
2025-12-11T17,US48,United States Lower 48,COL,Coal,97815,megawatthours
2025-12-11T16,US48,United States Lower 48,COL,Coal,100077,megawatthours
2025-12-11T15,US48,United States Lower 48,COL,Coal,101211,megawatthours
2025-12-11T14,US48,United States Lower 48,COL,Coal,101576,megawatthours
2025-12-11T13,US48,United States Lower 48,COL,Coal,100529,megawatthours
2025-12-11T12,US48,United States Lower 48,COL,Coal,96229,megawatthours
2025-12-11T11,US48,United States Lower 48,COL,Coal,92810,megawatthours
2025-12-11T10,US48,United States Lower 48,COL,Coal,91550,megawatthours
2025-12-11T09,US48,United States Lower 48,COL,Coal,90290,megawatthours
2025-12-11T08,US48,United States Lower 48,COL,Coal,91197,megawatthours
2025-12-11T07,US48,United States Lower 48,COL,Coal,93080,megawatthours
2025-12-11T06,US48,United States Lower 48,COL,Coal,96999,megawatthours
2025-12-11T05,US48,United States Lower 48,COL,Coal,100764,megawatthours
2025-12-11T04,US48,United States Lower 48,COL,Coal,104405,megawatthours
2025-12-11T03,US48,United States Lower 48,COL,Coal,106238,megawatthours
2025-12-11T02,US48,United States Lower 48,COL,Coal,106461,megawatthours
2025-12-11T01,US48,United States Lower 48,COL,Coal,105923,megawatthours
2025-12-11T00,US48,United States Lower 48,COL,Coal,103104,megawatthours
2025-12-10T23,US48,United States Lower 48,COL,Coal,97174,megawatthours
2025-12-10T22,US48,United States Lower 48,COL,Coal,91393,megawatthours
2025-12-10T21,US48,United States Lower 48,COL,Coal,86643,megawatthours
2025-12-10T20,US48,United States Lower 48,COL,Coal,84433,megawatthours
2025-12-10T19,US48,United States Lower 48,COL,Coal,83745,megawatthours
2025-12-10T18,US48,United States Lower 48,COL,Coal,85106,megawatthours
2025-12-10T17,US48,United States Lower 48,COL,Coal,87611,megawatthours
2025-12-10T16,US48,United States Lower 48,COL,Coal,91094,megawatthours
2025-12-10T15,US48,United States Lower 48,COL,Coal,94608,megawatthours
2025-12-10T14,US48,United States Lower 48,COL,Coal,95880,megawatthours
2025-12-10T13,US48,United States Lower 48,COL,Coal,93828,megawatthours
2025-12-10T12,US48,United States Lower 48,COL,Coal,90898,megawatthours
2025-12-10T11,US48,United States Lower 48,COL,Coal,88570,megawatthours
2025-12-10T10,US48,United States Lower 48,COL,Coal,87004,megawatthours
2025-12-10T09,US48,United States Lower 48,COL,Coal,86777,megawatthours
2025-12-10T08,US48,United States Lower 48,COL,Coal,87289,megawatthours
2025-12-10T07,US48,United States Lower 48,COL,Coal,88381,megawatthours
2025-12-10T06,US48,United States Lower 48,COL,Coal,91794,megawatthours
2025-12-10T05,US48,United States Lower 48,COL,Coal,95512,megawatthours
2025-12-10T04,US48,United States Lower 48,COL,Coal,98037,megawatthours
2025-12-10T03,US48,United States Lower 48,COL,Coal,98913,megawatthours
2025-12-10T02,US48,United States Lower 48,COL,Coal,98756,megawatthours
2025-12-10T01,US48,United States Lower 48,COL,Coal,98649,megawatthours
2025-12-10T00,US48,United States Lower 48,COL,Coal,97289,megawatthours
2025-12-09T23,US48,United States Lower 48,COL,Coal,94538,megawatthours
2025-12-09T22,US48,United States Lower 48,COL,Coal,91758,megawatthours
2025-12-09T21,US48,United States Lower 48,COL,Coal,90715,megawatthours
2025-12-09T20,US48,United States Lower 48,COL,Coal,92690,megawatthours
2025-12-09T19,US48,United States Lower 48,COL,Coal,94676,megawatthours
2025-12-09T18,US48,United States Lower 48,COL,Coal,97077,megawatthours
2025-12-09T17,US48,United States Lower 48,COL,Coal,99188,megawatthours
2025-12-09T16,US48,United States Lower 48,COL,Coal,99296,megawatthours
2025-12-09T15,US48,United States Lower 48,COL,Coal,102230,megawatthours
2025-12-09T14,US48,United States Lower 48,COL,Coal,105067,megawatthours
2025-12-09T13,US48,United States Lower 48,COL,Coal,103282,megawatthours
2025-12-09T12,US48,United States Lower 48,COL,Coal,99921,megawatthours
2025-12-09T11,US48,United States Lower 48,COL,Coal,96704,megawatthours
2025-12-09T10,US48,United States Lower 48,COL,Coal,94620,megawatthours
2025-12-09T09,US48,United States Lower 48,COL,Coal,93347,megawatthours
2025-12-09T08,US48,United States Lower 48,COL,Coal,98136,megawatthours
2025-12-09T07,US48,United States Lower 48,COL,Coal,93690,megawatthours
2025-12-09T06,US48,United States Lower 48,COL,Coal,96986,megawatthours
2025-12-09T05,US48,United States Lower 48,COL,Coal,98194,megawatthours
2025-12-09T04,US48,United States Lower 48,COL,Coal,99734,megawatthours
2025-12-09T03,US48,United States Lower 48,COL,Coal,101226,megawatthours
2025-12-09T02,US48,United States Lower 48,COL,Coal,103336,megawatthours
2025-12-09T01,US48,United States Lower 48,COL,Coal,103068,megawatthours
2025-12-09T00,US48,United States Lower 48,COL,Coal,102378,megawatthours
2025-12-08T23,US48,United States Lower 48,COL,Coal,98603,megawatthours
2025-12-08T22,US48,United States Lower 48,COL,Coal,95172,megawatthours
2025-12-08T21,US48,United States Lower 48,COL,Coal,96119,megawatthours
2025-12-08T20,US48,United States Lower 48,COL,Coal,98795,megawatthours
2025-12-08T19,US48,United States Lower 48,COL,Coal,99766,megawatthours
2025-12-08T18,US48,United States Lower 48,COL,Coal,102532,megawatthours
2025-12-08T17,US48,United States Lower 48,COL,Coal,102979,megawatthours
2025-12-08T16,US48,United States Lower 48,COL,Coal,104566,megawatthours
2025-12-08T15,US48,United States Lower 48,COL,Coal,105358,megawatthours
2025-12-08T14,US48,United States Lower 48,COL,Coal,104998,megawatthours
2025-12-08T13,US48,United States Lower 48,COL,Coal,103537,megawatthours
2025-12-08T12,US48,United States Lower 48,COL,Coal,101215,megawatthours
2025-12-08T11,US48,United States Lower 48,COL,Coal,99188,megawatthours
2025-12-08T10,US48,United States Lower 48,COL,Coal,98272,megawatthours
2025-12-08T09,US48,United States Lower 48,COL,Coal,97629,megawatthours
2025-12-08T08,US48,United States Lower 48,COL,Coal,94297,megawatthours
2025-12-08T07,US48,United States Lower 48,COL,Coal,100747,megawatthours
2025-12-08T06,US48,United States Lower 48,COL,Coal,102968,megawatthours
2025-12-08T05,US48,United States Lower 48,COL,Coal,106390,megawatthours
2025-12-08T04,US48,United States Lower 48,COL,Coal,106648,megawatthours
2025-12-08T03,US48,United States Lower 48,COL,Coal,107715,megawatthours
2025-12-08T02,US48,United States Lower 48,COL,Coal,108324,megawatthours
2025-12-08T01,US48,United States Lower 48,COL,Coal,107642,megawatthours
2025-12-08T00,US48,United States Lower 48,COL,Coal,105588,megawatthours
2025-12-07T23,US48,United States Lower 48,COL,Coal,102444,megawatthours
2025-12-07T22,US48,United States Lower 48,COL,Coal,99990,megawatthours
2025-12-07T21,US48,United States Lower 48,COL,Coal,98675,megawatthours
2025-12-07T20,US48,United States Lower 48,COL,Coal,97846,megawatthours
2025-12-07T19,US48,United States Lower 48,COL,Coal,97569,megawatthours
2025-12-07T18,US48,United States Lower 48,COL,Coal,95925,megawatthours
2025-12-07T17,US48,United States Lower 48,COL,Coal,96256,megawatthours
2025-12-07T16,US48,United States Lower 48,COL,Coal,98149,megawatthours
2025-12-07T15,US48,United States Lower 48,COL,Coal,99658,megawatthours
2025-12-07T14,US48,United States Lower 48,COL,Coal,97290,megawatthours
2025-12-07T13,US48,United States Lower 48,COL,Coal,95252,megawatthours
2025-12-07T12,US48,United States Lower 48,COL,Coal,93628,megawatthours
2025-12-07T11,US48,United States Lower 48,COL,Coal,92829,megawatthours
2025-12-07T10,US48,United States Lower 48,COL,Coal,93665,megawatthours
2025-12-07T09,US48,United States Lower 48,COL,Coal,95428,megawatthours
2025-12-07T08,US48,United States Lower 48,COL,Coal,98681,megawatthours
2025-12-07T07,US48,United States Lower 48,COL,Coal,95674,megawatthours
2025-12-07T06,US48,United States Lower 48,COL,Coal,98675,megawatthours
2025-12-07T05,US48,United States Lower 48,COL,Coal,101881,megawatthours
2025-12-07T04,US48,United States Lower 48,COL,Coal,103564,megawatthours
2025-12-07T03,US48,United States Lower 48,COL,Coal,103631,megawatthours
2025-12-07T02,US48,United States Lower 48,COL,Coal,104545,megawatthours
2025-12-07T01,US48,United States Lower 48,COL,Coal,104314,megawatthours
2025-12-07T00,US48,United States Lower 48,COL,Coal,102229,megawatthours
2025-12-06T23,US48,United States Lower 48,COL,Coal,97490,megawatthours
2025-12-06T22,US48,United States Lower 48,COL,Coal,93065,megawatthours
2025-12-06T21,US48,United States Lower 48,COL,Coal,91764,megawatthours
2025-12-06T20,US48,United States Lower 48,COL,Coal,92977,megawatthours
2025-12-06T19,US48,United States Lower 48,COL,Coal,95927,megawatthours
2025-12-06T18,US48,United States Lower 48,COL,Coal,98085,megawatthours
2025-12-06T17,US48,United States Lower 48,COL,Coal,99677,megawatthours
2025-12-06T16,US48,United States Lower 48,COL,Coal,100519,megawatthours
2025-12-06T15,US48,United States Lower 48,COL,Coal,101547,megawatthours
2025-12-06T14,US48,United States Lower 48,COL,Coal,102089,megawatthours
2025-12-06T13,US48,United States Lower 48,COL,Coal,102136,megawatthours
2025-12-06T12,US48,United States Lower 48,COL,Coal,101071,megawatthours
2025-12-06T11,US48,United States Lower 48,COL,Coal,100894,megawatthours
2025-12-06T10,US48,United States Lower 48,COL,Coal,102517,megawatthours
2025-12-06T09,US48,United States Lower 48,COL,Coal,102322,megawatthours
2025-12-06T08,US48,United States Lower 48,COL,Coal,89159,megawatthours
2025-12-06T07,US48,United States Lower 48,COL,Coal,96591,megawatthours
2025-12-06T06,US48,United States Lower 48,COL,Coal,97114,megawatthours
2025-12-06T05,US48,United States Lower 48,COL,Coal,97811,megawatthours
2025-12-06T04,US48,United States Lower 48,COL,Coal,99042,megawatthours
2025-12-06T03,US48,United States Lower 48,COL,Coal,99718,megawatthours
2025-12-06T02,US48,United States Lower 48,COL,Coal,100323,megawatthours
2025-12-06T01,US48,United States Lower 48,COL,Coal,100970,megawatthours
2025-12-06T00,US48,United States Lower 48,COL,Coal,100411,megawatthours
2025-12-05T23,US48,United States Lower 48,COL,Coal,98881,megawatthours
2025-12-05T22,US48,United States Lower 48,COL,Coal,98145,megawatthours
2025-12-05T21,US48,United States Lower 48,COL,Coal,97702,megawatthours
2025-12-05T20,US48,United States Lower 48,COL,Coal,98476,megawatthours
2025-12-05T19,US48,United States Lower 48,COL,Coal,99336,megawatthours
2025-12-05T18,US48,United States Lower 48,COL,Coal,99792,megawatthours
2025-12-05T17,US48,United States Lower 48,COL,Coal,101170,megawatthours
2025-12-05T16,US48,United States Lower 48,COL,Coal,101830,megawatthours
2025-12-05T15,US48,United States Lower 48,COL,Coal,102372,megawatthours
2025-12-05T14,US48,United States Lower 48,COL,Coal,101601,megawatthours
2025-12-05T13,US48,United States Lower 48,COL,Coal,98595,megawatthours
2025-12-05T12,US48,United States Lower 48,COL,Coal,94815,megawatthours
2025-12-05T11,US48,United States Lower 48,COL,Coal,92308,megawatthours
2025-12-05T10,US48,United States Lower 48,COL,Coal,90250,megawatthours
2025-12-05T09,US48,United States Lower 48,COL,Coal,89814,megawatthours
2025-12-05T08,US48,United States Lower 48,COL,Coal,93116,megawatthours
2025-12-05T07,US48,United States Lower 48,COL,Coal,92953,megawatthours
2025-12-05T06,US48,United States Lower 48,COL,Coal,102309,megawatthours
2025-12-05T05,US48,United States Lower 48,COL,Coal,104044,megawatthours
2025-12-05T04,US48,United States Lower 48,COL,Coal,105769,megawatthours
2025-12-05T03,US48,United States Lower 48,COL,Coal,106964,megawatthours
2025-12-05T02,US48,United States Lower 48,COL,Coal,107541,megawatthours
2025-12-05T01,US48,United States Lower 48,COL,Coal,108675,megawatthours
2025-12-05T00,US48,United States Lower 48,COL,Coal,108587,megawatthours
2025-12-04T23,US48,United States Lower 48,COL,Coal,107799,megawatthours
2025-12-04T22,US48,United States Lower 48,COL,Coal,106995,megawatthours
2025-12-04T21,US48,United States Lower 48,COL,Coal,106476,megawatthours
2025-12-04T20,US48,United States Lower 48,COL,Coal,106765,megawatthours
2025-12-04T19,US48,United States Lower 48,COL,Coal,106835,megawatthours
2025-12-04T18,US48,United States Lower 48,COL,Coal,108047,megawatthours
2025-12-04T17,US48,United States Lower 48,COL,Coal,108968,megawatthours
2025-12-04T16,US48,United States Lower 48,COL,Coal,111373,megawatthours
2025-12-04T15,US48,United States Lower 48,COL,Coal,111927,megawatthours
2025-12-04T14,US48,United States Lower 48,COL,Coal,111450,megawatthours
2025-12-04T13,US48,United States Lower 48,COL,Coal,111237,megawatthours
2025-12-04T12,US48,United States Lower 48,COL,Coal,108759,megawatthours
2025-12-04T11,US48,United States Lower 48,COL,Coal,106428,megawatthours
2025-12-04T10,US48,United States Lower 48,COL,Coal,104189,megawatthours
2025-12-04T09,US48,United States Lower 48,COL,Coal,101607,megawatthours
2025-12-04T08,US48,United States Lower 48,COL,Coal,91334,megawatthours
2025-12-04T07,US48,United States Lower 48,COL,Coal,97509,megawatthours
2025-12-04T06,US48,United States Lower 48,COL,Coal,104238,megawatthours
2025-12-04T05,US48,United States Lower 48,COL,Coal,104484,megawatthours
2025-12-04T04,US48,United States Lower 48,COL,Coal,105777,megawatthours
2025-12-04T03,US48,United States Lower 48,COL,Coal,105579,megawatthours
2025-12-04T02,US48,United States Lower 48,COL,Coal,106305,megawatthours
2025-12-04T01,US48,United States Lower 48,COL,Coal,106420,megawatthours
2025-12-04T00,US48,United States Lower 48,COL,Coal,104970,megawatthours
2025-12-03T23,US48,United States Lower 48,COL,Coal,102204,megawatthours
2025-12-03T22,US48,United States Lower 48,COL,Coal,99473,megawatthours
2025-12-03T21,US48,United States Lower 48,COL,Coal,97460,megawatthours
2025-12-03T20,US48,United States Lower 48,COL,Coal,97315,megawatthours
2025-12-03T19,US48,United States Lower 48,COL,Coal,98663,megawatthours
2025-12-03T18,US48,United States Lower 48,COL,Coal,99930,megawatthours
2025-12-03T17,US48,United States Lower 48,COL,Coal,102973,megawatthours
2025-12-03T16,US48,United States Lower 48,COL,Coal,104566,megawatthours
2025-12-03T15,US48,United States Lower 48,COL,Coal,103484,megawatthours
2025-12-03T14,US48,United States Lower 48,COL,Coal,102869,megawatthours
2025-12-03T13,US48,United States Lower 48,COL,Coal,100936,megawatthours
2025-12-03T12,US48,United States Lower 48,COL,Coal,97423,megawatthours
2025-12-03T11,US48,United States Lower 48,COL,Coal,95282,megawatthours
2025-12-03T10,US48,United States Lower 48,COL,Coal,92860,megawatthours
2025-12-03T09,US48,United States Lower 48,COL,Coal,91360,megawatthours
2025-12-03T08,US48,United States Lower 48,COL,Coal,97297,megawatthours
2025-12-03T07,US48,United States Lower 48,COL,Coal,93938,megawatthours
2025-12-03T06,US48,United States Lower 48,COL,Coal,95511,megawatthours
2025-12-03T05,US48,United States Lower 48,COL,Coal,97742,megawatthours
2025-12-03T04,US48,United States Lower 48,COL,Coal,100087,megawatthours
2025-12-03T03,US48,United States Lower 48,COL,Coal,101942,megawatthours
2025-12-03T02,US48,United States Lower 48,COL,Coal,102035,megawatthours
2025-12-03T01,US48,United States Lower 48,COL,Coal,102162,megawatthours
2025-12-03T00,US48,United States Lower 48,COL,Coal,101937,megawatthours
2025-12-02T23,US48,United States Lower 48,COL,Coal,100028,megawatthours
2025-12-02T22,US48,United States Lower 48,COL,Coal,97660,megawatthours
2025-12-02T21,US48,United States Lower 48,COL,Coal,96976,megawatthours
2025-12-02T20,US48,United States Lower 48,COL,Coal,97713,megawatthours
2025-12-02T19,US48,United States Lower 48,COL,Coal,99113,megawatthours
2025-12-02T18,US48,United States Lower 48,COL,Coal,101030,megawatthours
2025-12-02T17,US48,United States Lower 48,COL,Coal,102804,megawatthours
2025-12-02T16,US48,United States Lower 48,COL,Coal,103300,megawatthours
2025-12-02T15,US48,United States Lower 48,COL,Coal,104925,megawatthours
2025-12-02T14,US48,United States Lower 48,COL,Coal,105160,megawatthours
2025-12-02T13,US48,United States Lower 48,COL,Coal,103466,megawatthours
2025-12-02T12,US48,United States Lower 48,COL,Coal,100844,megawatthours
2025-12-02T11,US48,United States Lower 48,COL,Coal,98714,megawatthours
2025-12-02T10,US48,United States Lower 48,COL,Coal,98191,megawatthours
2025-12-02T09,US48,United States Lower 48,COL,Coal,98175,megawatthours
2025-12-02T08,US48,United States Lower 48,COL,Coal,94432,megawatthours
2025-12-02T07,US48,United States Lower 48,COL,Coal,97229,megawatthours
2025-12-02T06,US48,United States Lower 48,COL,Coal,102098,megawatthours
2025-12-02T05,US48,United States Lower 48,COL,Coal,102775,megawatthours
2025-12-02T04,US48,United States Lower 48,COL,Coal,103628,megawatthours
2025-12-02T03,US48,United States Lower 48,COL,Coal,104418,megawatthours
2025-12-02T02,US48,United States Lower 48,COL,Coal,105370,megawatthours
2025-12-02T01,US48,United States Lower 48,COL,Coal,105195,megawatthours
2025-12-02T00,US48,United States Lower 48,COL,Coal,102822,megawatthours
2025-12-01T23,US48,United States Lower 48,COL,Coal,96469,megawatthours
2025-12-01T22,US48,United States Lower 48,COL,Coal,94598,megawatthours
2025-12-01T21,US48,United States Lower 48,COL,Coal,93732,megawatthours
2025-12-01T20,US48,United States Lower 48,COL,Coal,93462,megawatthours
2025-12-01T19,US48,United States Lower 48,COL,Coal,93111,megawatthours
2025-12-01T18,US48,United States Lower 48,COL,Coal,96301,megawatthours
2025-12-01T17,US48,United States Lower 48,COL,Coal,97564,megawatthours
2025-12-01T16,US48,United States Lower 48,COL,Coal,100640,megawatthours
2025-12-01T15,US48,United States Lower 48,COL,Coal,102478,megawatthours
2025-12-01T14,US48,United States Lower 48,COL,Coal,102999,megawatthours
2025-12-01T13,US48,United States Lower 48,COL,Coal,101429,megawatthours
2025-12-01T12,US48,United States Lower 48,COL,Coal,99375,megawatthours
2025-12-01T11,US48,United States Lower 48,COL,Coal,97547,megawatthours
2025-12-01T10,US48,United States Lower 48,COL,Coal,96035,megawatthours
2025-12-01T09,US48,United States Lower 48,COL,Coal,95998,megawatthours
2025-12-01T08,US48,United States Lower 48,COL,Coal,77451,megawatthours
2025-12-01T07,US48,United States Lower 48,COL,Coal,87248,megawatthours
2025-12-01T06,US48,United States Lower 48,COL,Coal,98167,megawatthours
2025-12-01T05,US48,United States Lower 48,COL,Coal,98785,megawatthours
2025-12-01T04,US48,United States Lower 48,COL,Coal,100210,megawatthours
2025-12-01T03,US48,United States Lower 48,COL,Coal,100568,megawatthours
2025-12-01T02,US48,United States Lower 48,COL,Coal,100370,megawatthours
2025-12-01T01,US48,United States Lower 48,COL,Coal,99497,megawatthours
2025-12-01T00,US48,United States Lower 48,COL,Coal,97778,megawatthours
2025-11-30T23,US48,United States Lower 48,COL,Coal,94052,megawatthours
2025-11-30T22,US48,United States Lower 48,COL,Coal,90388,megawatthours
2025-11-30T21,US48,United States Lower 48,COL,Coal,88529,megawatthours
2025-11-30T20,US48,United States Lower 48,COL,Coal,86030,megawatthours
2025-11-30T19,US48,United States Lower 48,COL,Coal,85679,megawatthours
2025-11-30T18,US48,United States Lower 48,COL,Coal,84511,megawatthours
2025-11-30T17,US48,United States Lower 48,COL,Coal,84250,megawatthours
2025-11-30T16,US48,United States Lower 48,COL,Coal,84770,megawatthours
2025-11-30T15,US48,United States Lower 48,COL,Coal,86856,megawatthours
2025-11-30T14,US48,United States Lower 48,COL,Coal,86828,megawatthours
2025-11-30T13,US48,United States Lower 48,COL,Coal,84478,megawatthours
2025-11-30T12,US48,United States Lower 48,COL,Coal,81584,megawatthours
2025-11-30T11,US48,United States Lower 48,COL,Coal,79039,megawatthours
2025-11-30T10,US48,United States Lower 48,COL,Coal,77705,megawatthours
2025-11-30T09,US48,United States Lower 48,COL,Coal,77791,megawatthours
2025-11-30T08,US48,United States Lower 48,COL,Coal,82697,megawatthours
2025-11-30T07,US48,United States Lower 48,COL,Coal,85735,megawatthours
2025-11-30T06,US48,United States Lower 48,COL,Coal,83962,megawatthours
2025-11-30T05,US48,United States Lower 48,COL,Coal,84754,megawatthours
2025-11-30T04,US48,United States Lower 48,COL,Coal,87280,megawatthours
2025-11-30T03,US48,United States Lower 48,COL,Coal,88441,megawatthours
2025-11-30T02,US48,United States Lower 48,COL,Coal,88930,megawatthours
2025-11-30T01,US48,United States Lower 48,COL,Coal,88972,megawatthours
2025-11-30T00,US48,United States Lower 48,COL,Coal,87083,megawatthours
2025-11-29T23,US48,United States Lower 48,COL,Coal,82924,megawatthours
2025-11-29T22,US48,United States Lower 48,COL,Coal,81007,megawatthours
2025-11-29T21,US48,United States Lower 48,COL,Coal,80118,megawatthours
2025-11-29T20,US48,United States Lower 48,COL,Coal,80288,megawatthours
2025-11-29T19,US48,United States Lower 48,COL,Coal,81360,megawatthours
2025-11-29T18,US48,United States Lower 48,COL,Coal,82790,megawatthours
2025-11-29T17,US48,United States Lower 48,COL,Coal,84133,megawatthours
2025-11-29T16,US48,United States Lower 48,COL,Coal,86062,megawatthours
2025-11-29T15,US48,United States Lower 48,COL,Coal,86482,megawatthours
2025-11-29T14,US48,United States Lower 48,COL,Coal,86008,megawatthours
2025-11-29T13,US48,United States Lower 48,COL,Coal,85159,megawatthours
2025-11-29T12,US48,United States Lower 48,COL,Coal,83119,megawatthours
2025-11-29T11,US48,United States Lower 48,COL,Coal,82327,megawatthours
2025-11-29T10,US48,United States Lower 48,COL,Coal,82118,megawatthours
2025-11-29T09,US48,United States Lower 48,COL,Coal,81683,megawatthours
2025-11-29T08,US48,United States Lower 48,COL,Coal,79010,megawatthours
2025-11-29T07,US48,United States Lower 48,COL,Coal,74242,megawatthours
2025-11-29T06,US48,United States Lower 48,COL,Coal,83420,megawatthours
2025-11-29T05,US48,United States Lower 48,COL,Coal,85025,megawatthours
2025-11-29T04,US48,United States Lower 48,COL,Coal,86260,megawatthours
2025-11-29T03,US48,United States Lower 48,COL,Coal,87189,megawatthours
2025-11-29T02,US48,United States Lower 48,COL,Coal,87851,megawatthours
2025-11-29T01,US48,United States Lower 48,COL,Coal,87843,megawatthours
2025-11-29T00,US48,United States Lower 48,COL,Coal,84942,megawatthours
2025-11-28T23,US48,United States Lower 48,COL,Coal,80692,megawatthours
2025-11-28T22,US48,United States Lower 48,COL,Coal,74183,megawatthours
2025-11-28T21,US48,United States Lower 48,COL,Coal,70872,megawatthours
2025-11-28T20,US48,United States Lower 48,COL,Coal,71529,megawatthours
2025-11-28T19,US48,United States Lower 48,COL,Coal,72345,megawatthours
2025-11-28T18,US48,United States Lower 48,COL,Coal,74630,megawatthours
2025-11-28T17,US48,United States Lower 48,COL,Coal,76553,megawatthours
2025-11-28T16,US48,United States Lower 48,COL,Coal,78742,megawatthours
2025-11-28T15,US48,United States Lower 48,COL,Coal,83043,megawatthours
2025-11-28T14,US48,United States Lower 48,COL,Coal,86266,megawatthours
2025-11-28T13,US48,United States Lower 48,COL,Coal,85543,megawatthours
2025-11-28T12,US48,United States Lower 48,COL,Coal,82477,megawatthours
2025-11-28T11,US48,United States Lower 48,COL,Coal,80399,megawatthours
2025-11-28T10,US48,United States Lower 48,COL,Coal,79430,megawatthours
2025-11-28T09,US48,United States Lower 48,COL,Coal,79564,megawatthours
2025-11-28T08,US48,United States Lower 48,COL,Coal,79898,megawatthours
2025-11-28T07,US48,United States Lower 48,COL,Coal,77584,megawatthours
2025-11-28T06,US48,United States Lower 48,COL,Coal,83363,megawatthours
2025-11-28T05,US48,United States Lower 48,COL,Coal,83759,megawatthours
2025-11-28T04,US48,United States Lower 48,COL,Coal,84440,megawatthours
2025-11-28T03,US48,United States Lower 48,COL,Coal,85634,megawatthours
2025-11-28T02,US48,United States Lower 48,COL,Coal,87174,megawatthours
2025-11-28T01,US48,United States Lower 48,COL,Coal,88341,megawatthours
2025-11-28T00,US48,United States Lower 48,COL,Coal,86841,megawatthours
2025-11-27T23,US48,United States Lower 48,COL,Coal,81175,megawatthours
2025-11-27T22,US48,United States Lower 48,COL,Coal,76727,megawatthours
2025-11-27T21,US48,United States Lower 48,COL,Coal,76217,megawatthours
2025-11-27T20,US48,United States Lower 48,COL,Coal,78169,megawatthours
2025-11-27T19,US48,United States Lower 48,COL,Coal,80250,megawatthours
2025-11-27T18,US48,United States Lower 48,COL,Coal,83484,megawatthours
2025-11-27T17,US48,United States Lower 48,COL,Coal,85207,megawatthours
2025-11-27T16,US48,United States Lower 48,COL,Coal,86860,megawatthours
2025-11-27T15,US48,United States Lower 48,COL,Coal,87401,megawatthours
2025-11-27T14,US48,United States Lower 48,COL,Coal,87595,megawatthours
2025-11-27T13,US48,United States Lower 48,COL,Coal,85419,megawatthours
2025-11-27T12,US48,United States Lower 48,COL,Coal,83737,megawatthours
2025-11-27T11,US48,United States Lower 48,COL,Coal,82113,megawatthours
2025-11-27T10,US48,United States Lower 48,COL,Coal,80511,megawatthours
2025-11-27T09,US48,United States Lower 48,COL,Coal,80912,megawatthours
2025-11-27T08,US48,United States Lower 48,COL,Coal,66148,megawatthours
2025-11-27T07,US48,United States Lower 48,COL,Coal,78514,megawatthours
2025-11-27T06,US48,United States Lower 48,COL,Coal,84097,megawatthours
2025-11-27T05,US48,United States Lower 48,COL,Coal,85083,megawatthours
2025-11-27T04,US48,United States Lower 48,COL,Coal,86390,megawatthours
2025-11-27T03,US48,United States Lower 48,COL,Coal,87150,megawatthours
2025-11-27T02,US48,United States Lower 48,COL,Coal,88387,megawatthours
2025-11-27T01,US48,United States Lower 48,COL,Coal,88835,megawatthours
2025-11-27T00,US48,United States Lower 48,COL,Coal,87059,megawatthours
2025-11-26T23,US48,United States Lower 48,COL,Coal,82509,megawatthours
2025-11-26T22,US48,United States Lower 48,COL,Coal,78452,megawatthours
2025-11-26T21,US48,United States Lower 48,COL,Coal,77879,megawatthours
2025-11-26T20,US48,United States Lower 48,COL,Coal,77921,megawatthours
2025-11-26T19,US48,United States Lower 48,COL,Coal,78389,megawatthours
2025-11-26T18,US48,United States Lower 48,COL,Coal,78594,megawatthours
2025-11-26T17,US48,United States Lower 48,COL,Coal,78199,megawatthours
2025-11-26T16,US48,United States Lower 48,COL,Coal,77917,megawatthours
2025-11-26T15,US48,United States Lower 48,COL,Coal,79984,megawatthours
2025-11-26T14,US48,United States Lower 48,COL,Coal,79714,megawatthours
2025-11-26T13,US48,United States Lower 48,COL,Coal,75037,megawatthours
2025-11-26T12,US48,United States Lower 48,COL,Coal,70812,megawatthours
2025-11-26T11,US48,United States Lower 48,COL,Coal,67212,megawatthours
2025-11-26T10,US48,United States Lower 48,COL,Coal,65127,megawatthours
2025-11-26T09,US48,United States Lower 48,COL,Coal,65600,megawatthours
2025-11-26T08,US48,United States Lower 48,COL,Coal,82553,megawatthours
2025-11-26T07,US48,United States Lower 48,COL,Coal,74863,megawatthours
2025-11-26T06,US48,United States Lower 48,COL,Coal,72804,megawatthours
2025-11-26T05,US48,United States Lower 48,COL,Coal,73196,megawatthours
2025-11-26T04,US48,United States Lower 48,COL,Coal,76035,megawatthours
2025-11-26T03,US48,United States Lower 48,COL,Coal,78886,megawatthours
2025-11-26T02,US48,United States Lower 48,COL,Coal,80786,megawatthours
2025-11-26T01,US48,United States Lower 48,COL,Coal,82632,megawatthours
2025-11-26T00,US48,United States Lower 48,COL,Coal,81458,megawatthours
2025-11-25T23,US48,United States Lower 48,COL,Coal,78622,megawatthours
2025-11-25T22,US48,United States Lower 48,COL,Coal,77094,megawatthours
2025-11-25T21,US48,United States Lower 48,COL,Coal,77188,megawatthours
2025-11-25T20,US48,United States Lower 48,COL,Coal,77414,megawatthours
2025-11-25T19,US48,United States Lower 48,COL,Coal,77748,megawatthours
2025-11-25T18,US48,United States Lower 48,COL,Coal,78666,megawatthours
2025-11-25T17,US48,United States Lower 48,COL,Coal,79917,megawatthours
2025-11-25T16,US48,United States Lower 48,COL,Coal,81326,megawatthours
2025-11-25T15,US48,United States Lower 48,COL,Coal,82741,megawatthours
2025-11-25T14,US48,United States Lower 48,COL,Coal,84204,megawatthours
2025-11-25T13,US48,United States Lower 48,COL,Coal,83794,megawatthours
2025-11-25T12,US48,United States Lower 48,COL,Coal,81804,megawatthours
2025-11-25T11,US48,United States Lower 48,COL,Coal,80428,megawatthours
2025-11-25T10,US48,United States Lower 48,COL,Coal,79951,megawatthours
2025-11-25T09,US48,United States Lower 48,COL,Coal,80377,megawatthours
2025-11-25T08,US48,United States Lower 48,COL,Coal,70736,megawatthours
2025-11-25T07,US48,United States Lower 48,COL,Coal,76611,megawatthours
2025-11-25T06,US48,United States Lower 48,COL,Coal,84810,megawatthours
2025-11-25T05,US48,United States Lower 48,COL,Coal,84990,megawatthours
2025-11-25T04,US48,United States Lower 48,COL,Coal,87352,megawatthours
2025-11-25T03,US48,United States Lower 48,COL,Coal,89171,megawatthours
2025-11-25T02,US48,United States Lower 48,COL,Coal,89672,megawatthours
2025-11-25T01,US48,United States Lower 48,COL,Coal,89876,megawatthours
2025-11-25T00,US48,United States Lower 48,COL,Coal,88117,megawatthours
2025-11-24T23,US48,United States Lower 48,COL,Coal,86188,megawatthours
2025-11-24T22,US48,United States Lower 48,COL,Coal,85735,megawatthours
2025-11-24T21,US48,United States Lower 48,COL,Coal,84573,megawatthours
2025-11-24T20,US48,United States Lower 48,COL,Coal,83701,megawatthours
2025-11-24T19,US48,United States Lower 48,COL,Coal,82914,megawatthours
2025-11-24T18,US48,United States Lower 48,COL,Coal,82434,megawatthours
2025-11-24T17,US48,United States Lower 48,COL,Coal,82821,megawatthours
2025-11-24T16,US48,United States Lower 48,COL,Coal,83292,megawatthours
2025-11-24T15,US48,United States Lower 48,COL,Coal,83952,megawatthours
2025-11-24T14,US48,United States Lower 48,COL,Coal,84736,megawatthours
2025-11-24T13,US48,United States Lower 48,COL,Coal,83000,megawatthours
2025-11-24T12,US48,United States Lower 48,COL,Coal,78084,megawatthours
2025-11-24T11,US48,United States Lower 48,COL,Coal,73300,megawatthours
2025-11-24T10,US48,United States Lower 48,COL,Coal,70516,megawatthours
2025-11-24T09,US48,United States Lower 48,COL,Coal,70929,megawatthours
2025-11-24T08,US48,United States Lower 48,COL,Coal,76736,megawatthours
2025-11-24T07,US48,United States Lower 48,COL,Coal,72122,megawatthours
2025-11-24T06,US48,United States Lower 48,COL,Coal,74574,megawatthours
2025-11-24T05,US48,United States Lower 48,COL,Coal,75526,megawatthours
2025-11-24T04,US48,United States Lower 48,COL,Coal,76841,megawatthours
2025-11-24T03,US48,United States Lower 48,COL,Coal,78904,megawatthours
2025-11-24T02,US48,United States Lower 48,COL,Coal,79600,megawatthours
2025-11-24T01,US48,United States Lower 48,COL,Coal,79295,megawatthours
2025-11-24T00,US48,United States Lower 48,COL,Coal,78060,megawatthours
2025-11-23T23,US48,United States Lower 48,COL,Coal,72587,megawatthours
2025-11-23T22,US48,United States Lower 48,COL,Coal,67054,megawatthours
2025-11-23T21,US48,United States Lower 48,COL,Coal,64761,megawatthours
2025-11-23T20,US48,United States Lower 48,COL,Coal,64845,megawatthours
2025-11-23T19,US48,United States Lower 48,COL,Coal,66763,megawatthours
2025-11-23T18,US48,United States Lower 48,COL,Coal,69230,megawatthours
2025-11-23T17,US48,United States Lower 48,COL,Coal,70850,megawatthours
2025-11-23T16,US48,United States Lower 48,COL,Coal,72486,megawatthours
2025-11-23T15,US48,United States Lower 48,COL,Coal,75269,megawatthours
2025-11-23T14,US48,United States Lower 48,COL,Coal,78376,megawatthours
2025-11-23T13,US48,United States Lower 48,COL,Coal,77456,megawatthours
2025-11-23T12,US48,United States Lower 48,COL,Coal,76147,megawatthours
2025-11-23T11,US48,United States Lower 48,COL,Coal,74764,megawatthours
2025-11-23T10,US48,United States Lower 48,COL,Coal,73470,megawatthours
2025-11-23T09,US48,United States Lower 48,COL,Coal,73771,megawatthours
2025-11-23T08,US48,United States Lower 48,COL,Coal,74078,megawatthours
2025-11-23T07,US48,United States Lower 48,COL,Coal,78116,megawatthours
2025-11-23T06,US48,United States Lower 48,COL,Coal,77374,megawatthours
2025-11-23T05,US48,United States Lower 48,COL,Coal,78102,megawatthours
2025-11-23T04,US48,United States Lower 48,COL,Coal,80006,megawatthours
2025-11-23T03,US48,United States Lower 48,COL,Coal,81425,megawatthours
2025-11-23T02,US48,United States Lower 48,COL,Coal,82649,megawatthours
2025-11-23T01,US48,United States Lower 48,COL,Coal,83536,megawatthours
2025-11-23T00,US48,United States Lower 48,COL,Coal,84166,megawatthours
2025-11-22T23,US48,United States Lower 48,COL,Coal,81020,megawatthours
2025-11-22T22,US48,United States Lower 48,COL,Coal,76758,megawatthours
2025-11-22T21,US48,United States Lower 48,COL,Coal,75379,megawatthours
2025-11-22T20,US48,United States Lower 48,COL,Coal,75723,megawatthours
2025-11-22T19,US48,United States Lower 48,COL,Coal,77425,megawatthours
2025-11-22T18,US48,United States Lower 48,COL,Coal,78254,megawatthours
2025-11-22T17,US48,United States Lower 48,COL,Coal,78034,megawatthours
2025-11-22T16,US48,United States Lower 48,COL,Coal,76220,megawatthours
2025-11-22T15,US48,United States Lower 48,COL,Coal,77158,megawatthours
2025-11-22T14,US48,United States Lower 48,COL,Coal,77998,megawatthours
2025-11-22T13,US48,United States Lower 48,COL,Coal,76488,megawatthours
2025-11-22T12,US48,United States Lower 48,COL,Coal,74662,megawatthours
2025-11-22T11,US48,United States Lower 48,COL,Coal,72857,megawatthours
2025-11-22T10,US48,United States Lower 48,COL,Coal,71781,megawatthours
2025-11-22T09,US48,United States Lower 48,COL,Coal,73027,megawatthours
2025-11-22T08,US48,United States Lower 48,COL,Coal,75354,megawatthours
2025-11-22T07,US48,United States Lower 48,COL,Coal,81366,megawatthours
2025-11-22T06,US48,United States Lower 48,COL,Coal,82658,megawatthours
2025-11-22T05,US48,United States Lower 48,COL,Coal,84107,megawatthours
2025-11-22T04,US48,United States Lower 48,COL,Coal,85825,megawatthours
2025-11-22T03,US48,United States Lower 48,COL,Coal,86646,megawatthours
2025-11-22T02,US48,United States Lower 48,COL,Coal,87191,megawatthours
2025-11-22T01,US48,United States Lower 48,COL,Coal,87839,megawatthours
2025-11-22T00,US48,United States Lower 48,COL,Coal,89013,megawatthours
2025-11-21T23,US48,United States Lower 48,COL,Coal,86605,megawatthours
2025-11-21T22,US48,United States Lower 48,COL,Coal,83942,megawatthours
2025-11-21T21,US48,United States Lower 48,COL,Coal,81766,megawatthours
2025-11-21T20,US48,United States Lower 48,COL,Coal,81626,megawatthours
2025-11-21T19,US48,United States Lower 48,COL,Coal,82296,megawatthours
2025-11-21T18,US48,United States Lower 48,COL,Coal,85204,megawatthours
2025-11-21T17,US48,United States Lower 48,COL,Coal,86346,megawatthours
2025-11-21T16,US48,United States Lower 48,COL,Coal,85263,megawatthours
2025-11-21T15,US48,United States Lower 48,COL,Coal,85394,megawatthours
2025-11-21T14,US48,United States Lower 48,COL,Coal,84556,megawatthours
2025-11-21T13,US48,United States Lower 48,COL,Coal,81758,megawatthours
2025-11-21T12,US48,United States Lower 48,COL,Coal,77563,megawatthours
2025-11-21T11,US48,United States Lower 48,COL,Coal,74788,megawatthours
2025-11-21T10,US48,United States Lower 48,COL,Coal,72402,megawatthours
2025-11-21T09,US48,United States Lower 48,COL,Coal,73352,megawatthours
2025-11-21T08,US48,United States Lower 48,COL,Coal,79931,megawatthours
2025-11-21T07,US48,United States Lower 48,COL,Coal,80833,megawatthours
2025-11-21T06,US48,United States Lower 48,COL,Coal,85151,megawatthours
2025-11-21T05,US48,United States Lower 48,COL,Coal,87399,megawatthours
2025-11-21T04,US48,United States Lower 48,COL,Coal,90265,megawatthours
2025-11-21T03,US48,United States Lower 48,COL,Coal,91300,megawatthours
2025-11-21T02,US48,United States Lower 48,COL,Coal,91782,megawatthours
2025-11-21T01,US48,United States Lower 48,COL,Coal,91821,megawatthours
2025-11-21T00,US48,United States Lower 48,COL,Coal,90602,megawatthours
2025-11-20T23,US48,United States Lower 48,COL,Coal,87460,megawatthours
2025-11-20T22,US48,United States Lower 48,COL,Coal,87235,megawatthours
2025-11-20T21,US48,United States Lower 48,COL,Coal,87586,megawatthours
2025-11-20T20,US48,United States Lower 48,COL,Coal,88110,megawatthours
2025-11-20T19,US48,United States Lower 48,COL,Coal,88994,megawatthours
2025-11-20T18,US48,United States Lower 48,COL,Coal,89088,megawatthours
2025-11-20T17,US48,United States Lower 48,COL,Coal,89240,megawatthours
2025-11-20T16,US48,United States Lower 48,COL,Coal,89593,megawatthours
2025-11-20T15,US48,United States Lower 48,COL,Coal,89178,megawatthours
2025-11-20T14,US48,United States Lower 48,COL,Coal,88552,megawatthours
2025-11-20T13,US48,United States Lower 48,COL,Coal,87053,megawatthours
2025-11-20T12,US48,United States Lower 48,COL,Coal,84531,megawatthours
2025-11-20T11,US48,United States Lower 48,COL,Coal,82640,megawatthours
2025-11-20T10,US48,United States Lower 48,COL,Coal,80959,megawatthours
2025-11-20T09,US48,United States Lower 48,COL,Coal,79390,megawatthours
2025-11-20T08,US48,United States Lower 48,COL,Coal,80157,megawatthours
2025-11-20T07,US48,United States Lower 48,COL,Coal,82503,megawatthours
2025-11-20T06,US48,United States Lower 48,COL,Coal,81944,megawatthours
2025-11-20T05,US48,United States Lower 48,COL,Coal,82974,megawatthours
2025-11-20T04,US48,United States Lower 48,COL,Coal,84403,megawatthours
2025-11-20T03,US48,United States Lower 48,COL,Coal,85053,megawatthours
2025-11-20T02,US48,United States Lower 48,COL,Coal,86231,megawatthours
2025-11-20T01,US48,United States Lower 48,COL,Coal,86560,megawatthours
2025-11-20T00,US48,United States Lower 48,COL,Coal,87155,megawatthours
2025-11-19T23,US48,United States Lower 48,COL,Coal,86426,megawatthours
2025-11-19T22,US48,United States Lower 48,COL,Coal,85425,megawatthours
2025-11-19T21,US48,United States Lower 48,COL,Coal,84372,megawatthours
2025-11-19T20,US48,United States Lower 48,COL,Coal,84925,megawatthours
2025-11-19T19,US48,United States Lower 48,COL,Coal,85162,megawatthours
2025-11-19T18,US48,United States Lower 48,COL,Coal,84813,megawatthours
2025-11-19T17,US48,United States Lower 48,COL,Coal,85176,megawatthours
2025-11-19T16,US48,United States Lower 48,COL,Coal,87100,megawatthours
2025-11-19T15,US48,United States Lower 48,COL,Coal,87416,megawatthours
2025-11-19T14,US48,United States Lower 48,COL,Coal,88206,megawatthours
2025-11-19T13,US48,United States Lower 48,COL,Coal,86998,megawatthours
2025-11-19T12,US48,United States Lower 48,COL,Coal,84482,megawatthours
2025-11-19T11,US48,United States Lower 48,COL,Coal,82189,megawatthours
2025-11-19T10,US48,United States Lower 48,COL,Coal,79870,megawatthours
2025-11-19T09,US48,United States Lower 48,COL,Coal,78803,megawatthours
2025-11-19T08,US48,United States Lower 48,COL,Coal,77604,megawatthours
2025-11-19T07,US48,United States Lower 48,COL,Coal,80903,megawatthours
2025-11-19T06,US48,United States Lower 48,COL,Coal,86561,megawatthours
2025-11-19T05,US48,United States Lower 48,COL,Coal,88819,megawatthours
2025-11-19T04,US48,United States Lower 48,COL,Coal,91328,megawatthours
2025-11-19T03,US48,United States Lower 48,COL,Coal,93281,megawatthours
2025-11-19T02,US48,United States Lower 48,COL,Coal,93980,megawatthours
2025-11-19T01,US48,United States Lower 48,COL,Coal,93289,megawatthours
2025-11-19T00,US48,United States Lower 48,COL,Coal,91820,megawatthours
2025-11-18T23,US48,United States Lower 48,COL,Coal,90413,megawatthours
2025-11-18T22,US48,United States Lower 48,COL,Coal,89546,megawatthours
2025-11-18T21,US48,United States Lower 48,COL,Coal,88948,megawatthours
2025-11-18T20,US48,United States Lower 48,COL,Coal,89793,megawatthours
2025-11-18T19,US48,United States Lower 48,COL,Coal,87621,megawatthours
2025-11-18T18,US48,United States Lower 48,COL,Coal,87598,megawatthours
2025-11-18T17,US48,United States Lower 48,COL,Coal,88612,megawatthours
2025-11-18T16,US48,United States Lower 48,COL,Coal,88079,megawatthours
2025-11-18T15,US48,United States Lower 48,COL,Coal,86281,megawatthours
2025-11-18T14,US48,United States Lower 48,COL,Coal,85529,megawatthours
2025-11-18T13,US48,United States Lower 48,COL,Coal,83300,megawatthours
2025-11-18T12,US48,United States Lower 48,COL,Coal,79929,megawatthours
2025-11-18T11,US48,United States Lower 48,COL,Coal,77396,megawatthours
2025-11-18T10,US48,United States Lower 48,COL,Coal,77424,megawatthours
2025-11-18T09,US48,United States Lower 48,COL,Coal,77943,megawatthours
2025-11-18T08,US48,United States Lower 48,COL,Coal,66840,megawatthours
2025-11-18T07,US48,United States Lower 48,COL,Coal,71293,megawatthours
2025-11-18T06,US48,United States Lower 48,COL,Coal,78437,megawatthours
2025-11-18T05,US48,United States Lower 48,COL,Coal,79785,megawatthours
2025-11-18T04,US48,United States Lower 48,COL,Coal,80587,megawatthours
2025-11-18T03,US48,United States Lower 48,COL,Coal,80802,megawatthours
2025-11-18T02,US48,United States Lower 48,COL,Coal,81308,megawatthours
2025-11-18T01,US48,United States Lower 48,COL,Coal,81353,megawatthours
2025-11-18T00,US48,United States Lower 48,COL,Coal,80612,megawatthours
2025-11-17T23,US48,United States Lower 48,COL,Coal,76655,megawatthours
2025-11-17T22,US48,United States Lower 48,COL,Coal,70978,megawatthours
2025-11-17T21,US48,United States Lower 48,COL,Coal,69300,megawatthours
2025-11-17T20,US48,United States Lower 48,COL,Coal,68873,megawatthours
2025-11-17T19,US48,United States Lower 48,COL,Coal,69905,megawatthours
2025-11-17T18,US48,United States Lower 48,COL,Coal,71421,megawatthours
2025-11-17T17,US48,United States Lower 48,COL,Coal,72051,megawatthours
2025-11-17T16,US48,United States Lower 48,COL,Coal,73004,megawatthours
2025-11-17T15,US48,United States Lower 48,COL,Coal,75172,megawatthours
2025-11-17T14,US48,United States Lower 48,COL,Coal,78318,megawatthours
2025-11-17T13,US48,United States Lower 48,COL,Coal,75596,megawatthours
2025-11-17T12,US48,United States Lower 48,COL,Coal,70789,megawatthours
2025-11-17T11,US48,United States Lower 48,COL,Coal,67792,megawatthours
2025-11-17T10,US48,United States Lower 48,COL,Coal,67273,megawatthours
2025-11-17T09,US48,United States Lower 48,COL,Coal,66937,megawatthours
2025-11-17T08,US48,United States Lower 48,COL,Coal,61752,megawatthours
2025-11-17T07,US48,United States Lower 48,COL,Coal,59669,megawatthours
2025-11-17T06,US48,United States Lower 48,COL,Coal,69654,megawatthours
2025-11-17T05,US48,United States Lower 48,COL,Coal,71128,megawatthours
2025-11-17T04,US48,United States Lower 48,COL,Coal,72924,megawatthours
2025-11-17T03,US48,United States Lower 48,COL,Coal,74427,megawatthours
2025-11-17T02,US48,United States Lower 48,COL,Coal,76474,megawatthours
2025-11-17T01,US48,United States Lower 48,COL,Coal,78405,megawatthours
2025-11-17T00,US48,United States Lower 48,COL,Coal,79503,megawatthours
2025-11-16T23,US48,United States Lower 48,COL,Coal,77046,megawatthours
2025-11-16T22,US48,United States Lower 48,COL,Coal,71133,megawatthours
2025-11-16T21,US48,United States Lower 48,COL,Coal,67637,megawatthours
2025-11-16T20,US48,United States Lower 48,COL,Coal,66826,megawatthours
2025-11-16T19,US48,United States Lower 48,COL,Coal,66704,megawatthours
2025-11-16T18,US48,United States Lower 48,COL,Coal,64355,megawatthours
2025-11-16T17,US48,United States Lower 48,COL,Coal,63133,megawatthours
2025-11-16T16,US48,United States Lower 48,COL,Coal,63303,megawatthours
2025-11-16T15,US48,United States Lower 48,COL,Coal,64734,megawatthours
2025-11-16T14,US48,United States Lower 48,COL,Coal,68105,megawatthours
2025-11-16T13,US48,United States Lower 48,COL,Coal,66601,megawatthours
2025-11-16T12,US48,United States Lower 48,COL,Coal,63931,megawatthours
2025-11-16T11,US48,United States Lower 48,COL,Coal,61956,megawatthours
2025-11-16T10,US48,United States Lower 48,COL,Coal,60638,megawatthours
2025-11-16T09,US48,United States Lower 48,COL,Coal,60519,megawatthours
2025-11-16T08,US48,United States Lower 48,COL,Coal,59493,megawatthours
2025-11-16T07,US48,United States Lower 48,COL,Coal,67025,megawatthours
2025-11-16T06,US48,United States Lower 48,COL,Coal,67983,megawatthours
2025-11-16T05,US48,United States Lower 48,COL,Coal,68304,megawatthours
2025-11-16T04,US48,United States Lower 48,COL,Coal,70323,megawatthours
2025-11-16T03,US48,United States Lower 48,COL,Coal,72795,megawatthours
2025-11-16T02,US48,United States Lower 48,COL,Coal,74819,megawatthours
2025-11-16T01,US48,United States Lower 48,COL,Coal,75770,megawatthours
2025-11-16T00,US48,United States Lower 48,COL,Coal,76732,megawatthours
2025-11-15T23,US48,United States Lower 48,COL,Coal,74535,megawatthours
2025-11-15T22,US48,United States Lower 48,COL,Coal,69074,megawatthours
2025-11-15T21,US48,United States Lower 48,COL,Coal,65350,megawatthours
2025-11-15T20,US48,United States Lower 48,COL,Coal,63509,megawatthours
2025-11-15T19,US48,United States Lower 48,COL,Coal,62468,megawatthours
2025-11-15T18,US48,United States Lower 48,COL,Coal,62037,megawatthours
2025-11-15T17,US48,United States Lower 48,COL,Coal,62610,megawatthours
2025-11-15T16,US48,United States Lower 48,COL,Coal,62782,megawatthours
2025-11-15T15,US48,United States Lower 48,COL,Coal,63259,megawatthours
2025-11-15T14,US48,United States Lower 48,COL,Coal,64653,megawatthours
2025-11-15T13,US48,United States Lower 48,COL,Coal,63824,megawatthours
2025-11-15T12,US48,United States Lower 48,COL,Coal,61693,megawatthours
2025-11-15T11,US48,United States Lower 48,COL,Coal,60411,megawatthours
2025-11-15T10,US48,United States Lower 48,COL,Coal,59256,megawatthours
2025-11-15T09,US48,United States Lower 48,COL,Coal,58785,megawatthours
2025-11-15T08,US48,United States Lower 48,COL,Coal,68412,megawatthours
2025-11-15T07,US48,United States Lower 48,COL,Coal,67758,megawatthours
2025-11-15T06,US48,United States Lower 48,COL,Coal,65058,megawatthours
2025-11-15T05,US48,United States Lower 48,COL,Coal,66139,megawatthours
2025-11-15T04,US48,United States Lower 48,COL,Coal,69823,megawatthours
2025-11-15T03,US48,United States Lower 48,COL,Coal,72104,megawatthours
2025-11-15T02,US48,United States Lower 48,COL,Coal,74405,megawatthours
2025-11-15T01,US48,United States Lower 48,COL,Coal,77437,megawatthours
2025-11-15T00,US48,United States Lower 48,COL,Coal,78959,megawatthours
2025-11-14T23,US48,United States Lower 48,COL,Coal,77789,megawatthours
2025-11-14T22,US48,United States Lower 48,COL,Coal,74621,megawatthours
2025-11-14T21,US48,United States Lower 48,COL,Coal,73914,megawatthours
2025-11-14T20,US48,United States Lower 48,COL,Coal,75648,megawatthours
2025-11-14T19,US48,United States Lower 48,COL,Coal,78183,megawatthours
2025-11-14T18,US48,United States Lower 48,COL,Coal,78719,megawatthours
2025-11-14T17,US48,United States Lower 48,COL,Coal,76599,megawatthours
2025-11-14T16,US48,United States Lower 48,COL,Coal,72968,megawatthours
2025-11-14T15,US48,United States Lower 48,COL,Coal,76057,megawatthours
2025-11-14T14,US48,United States Lower 48,COL,Coal,80219,megawatthours
2025-11-14T13,US48,United States Lower 48,COL,Coal,79288,megawatthours
2025-11-14T12,US48,United States Lower 48,COL,Coal,75048,megawatthours
2025-11-14T11,US48,United States Lower 48,COL,Coal,70963,megawatthours
2025-11-14T10,US48,United States Lower 48,COL,Coal,68424,megawatthours
2025-11-14T09,US48,United States Lower 48,COL,Coal,67958,megawatthours
2025-11-14T08,US48,United States Lower 48,COL,Coal,71009,megawatthours
2025-11-14T07,US48,United States Lower 48,COL,Coal,72927,megawatthours
2025-11-14T06,US48,United States Lower 48,COL,Coal,74755,megawatthours
2025-11-14T05,US48,United States Lower 48,COL,Coal,76225,megawatthours
2025-11-14T04,US48,United States Lower 48,COL,Coal,79990,megawatthours
2025-11-14T03,US48,United States Lower 48,COL,Coal,83547,megawatthours
2025-11-14T02,US48,United States Lower 48,COL,Coal,86259,megawatthours
2025-11-14T01,US48,United States Lower 48,COL,Coal,88596,megawatthours
2025-11-14T00,US48,United States Lower 48,COL,Coal,88876,megawatthours
2025-11-13T23,US48,United States Lower 48,COL,Coal,84973,megawatthours
2025-11-13T22,US48,United States Lower 48,COL,Coal,78235,megawatthours
2025-11-13T21,US48,United States Lower 48,COL,Coal,75132,megawatthours
2025-11-13T20,US48,United States Lower 48,COL,Coal,75687,megawatthours
2025-11-13T19,US48,United States Lower 48,COL,Coal,76255,megawatthours
2025-11-13T18,US48,United States Lower 48,COL,Coal,75948,megawatthours
2025-11-13T17,US48,United States Lower 48,COL,Coal,74855,megawatthours
2025-11-13T16,US48,United States Lower 48,COL,Coal,74783,megawatthours
2025-11-13T15,US48,United States Lower 48,COL,Coal,79198,megawatthours
2025-11-13T14,US48,United States Lower 48,COL,Coal,84490,megawatthours
2025-11-13T13,US48,United States Lower 48,COL,Coal,83068,megawatthours
2025-11-13T12,US48,United States Lower 48,COL,Coal,77997,megawatthours
2025-11-13T11,US48,United States Lower 48,COL,Coal,75020,megawatthours
2025-11-13T10,US48,United States Lower 48,COL,Coal,73541,megawatthours
2025-11-13T09,US48,United States Lower 48,COL,Coal,73283,megawatthours
2025-11-13T08,US48,United States Lower 48,COL,Coal,78194,megawatthours
2025-11-13T07,US48,United States Lower 48,COL,Coal,76395,megawatthours
2025-11-13T06,US48,United States Lower 48,COL,Coal,79658,megawatthours
2025-11-13T05,US48,United States Lower 48,COL,Coal,80801,megawatthours
2025-11-13T04,US48,United States Lower 48,COL,Coal,83993,megawatthours
2025-11-13T03,US48,United States Lower 48,COL,Coal,86701,megawatthours
2025-11-13T02,US48,United States Lower 48,COL,Coal,89426,megawatthours
2025-11-13T01,US48,United States Lower 48,COL,Coal,91772,megawatthours
2025-11-13T00,US48,United States Lower 48,COL,Coal,91680,megawatthours
2025-11-12T23,US48,United States Lower 48,COL,Coal,85316,megawatthours
2025-11-12T22,US48,United States Lower 48,COL,Coal,77583,megawatthours
2025-11-12T21,US48,United States Lower 48,COL,Coal,73057,megawatthours
2025-11-12T20,US48,United States Lower 48,COL,Coal,73082,megawatthours
2025-11-12T19,US48,United States Lower 48,COL,Coal,74428,megawatthours
2025-11-12T18,US48,United States Lower 48,COL,Coal,76408,megawatthours
2025-11-12T17,US48,United States Lower 48,COL,Coal,78603,megawatthours
2025-11-12T16,US48,United States Lower 48,COL,Coal,79630,megawatthours
2025-11-12T15,US48,United States Lower 48,COL,Coal,84370,megawatthours
2025-11-12T14,US48,United States Lower 48,COL,Coal,89376,megawatthours
2025-11-12T13,US48,United States Lower 48,COL,Coal,90924,megawatthours
2025-11-12T12,US48,United States Lower 48,COL,Coal,87575,megawatthours
2025-11-12T11,US48,United States Lower 48,COL,Coal,83956,megawatthours
2025-11-12T10,US48,United States Lower 48,COL,Coal,82288,megawatthours
2025-11-12T09,US48,United States Lower 48,COL,Coal,82282,megawatthours
2025-11-12T08,US48,United States Lower 48,COL,Coal,81810,megawatthours
2025-11-12T07,US48,United States Lower 48,COL,Coal,87221,megawatthours
2025-11-12T06,US48,United States Lower 48,COL,Coal,86271,megawatthours
2025-11-12T05,US48,United States Lower 48,COL,Coal,87398,megawatthours
2025-11-12T04,US48,United States Lower 48,COL,Coal,90056,megawatthours
2025-11-12T03,US48,United States Lower 48,COL,Coal,91459,megawatthours
2025-11-12T02,US48,United States Lower 48,COL,Coal,92516,megawatthours
2025-11-12T01,US48,United States Lower 48,COL,Coal,92287,megawatthours
2025-11-12T00,US48,United States Lower 48,COL,Coal,91241,megawatthours
