period,respondent,respondent-name,type,type-name,value,value-units
2025-12-19T00,US48,United States Lower 48,D,Demand,513811,megawatthours
2025-12-18T23,US48,United States Lower 48,D,Demand,512216,megawatthours
2025-12-18T22,US48,United States Lower 48,D,Demand,502961,megawatthours
2025-12-18T21,US48,United States Lower 48,D,Demand,494825,megawatthours
2025-12-18T20,US48,United States Lower 48,D,Demand,492645,megawatthours
2025-12-18T19,US48,United States Lower 48,D,Demand,490954,megawatthours
2025-12-18T18,US48,United States Lower 48,D,Demand,491233,megawatthours
2025-12-18T17,US48,United States Lower 48,D,Demand,489107,megawatthours
2025-12-18T16,US48,United States Lower 48,D,Demand,497039,megawatthours
2025-12-18T15,US48,United States Lower 48,D,Demand,499318,megawatthours
2025-12-18T14,US48,United States Lower 48,D,Demand,499294,megawatthours
2025-12-18T13,US48,United States Lower 48,D,Demand,491749,megawatthours
2025-12-18T12,US48,United States Lower 48,D,Demand,470317,megawatthours
2025-12-18T11,US48,United States Lower 48,D,Demand,448565,megawatthours
2025-12-18T10,US48,United States Lower 48,D,Demand,439012,megawatthours
2025-12-18T09,US48,United States Lower 48,D,Demand,439211,megawatthours
2025-12-18T08,US48,United States Lower 48,D,Demand,442642,megawatthours
2025-12-18T07,US48,United States Lower 48,D,Demand,451711,megawatthours
2025-12-18T06,US48,United States Lower 48,D,Demand,463786,megawatthours
2025-12-18T05,US48,United States Lower 48,D,Demand,480008,megawatthours
2025-12-18T04,US48,United States Lower 48,D,Demand,496335,megawatthours
2025-12-18T03,US48,United States Lower 48,D,Demand,511080,megawatthours
2025-12-18T02,US48,United States Lower 48,D,Demand,519952,megawatthours
2025-12-18T01,US48,United States Lower 48,D,Demand,519671,megawatthours
2025-12-18T00,US48,United States Lower 48,D,Demand,516219,megawatthours
2025-12-17T23,US48,United States Lower 48,D,Demand,508922,megawatthours
2025-12-17T22,US48,United States Lower 48,D,Demand,496577,megawatthours
2025-12-17T21,US48,United States Lower 48,D,Demand,491864,megawatthours
2025-12-17T20,US48,United States Lower 48,D,Demand,491829,megawatthours
2025-12-17T19,US48,United States Lower 48,D,Demand,493911,megawatthours
2025-12-17T18,US48,United States Lower 48,D,Demand,500341,megawatthours
2025-12-17T17,US48,United States Lower 48,D,Demand,508287,megawatthours
2025-12-17T16,US48,United States Lower 48,D,Demand,515808,megawatthours
2025-12-17T15,US48,United States Lower 48,D,Demand,522496,megawatthours
2025-12-17T14,US48,United States Lower 48,D,Demand,523474,megawatthours
2025-12-17T13,US48,United States Lower 48,D,Demand,516418,megawatthours
2025-12-17T12,US48,United States Lower 48,D,Demand,496028,megawatthours
2025-12-17T11,US48,United States Lower 48,D,Demand,473178,megawatthours
2025-12-17T10,US48,United States Lower 48,D,Demand,461838,megawatthours
2025-12-17T09,US48,United States Lower 48,D,Demand,462383,megawatthours
2025-12-17T08,US48,United States Lower 48,D,Demand,466920,megawatthours
2025-12-17T07,US48,United States Lower 48,D,Demand,475746,megawatthours
2025-12-17T06,US48,United States Lower 48,D,Demand,488571,megawatthours
2025-12-17T05,US48,United States Lower 48,D,Demand,508454,megawatthours
2025-12-17T04,US48,United States Lower 48,D,Demand,527853,megawatthours
2025-12-17T03,US48,United States Lower 48,D,Demand,544185,megawatthours
2025-12-17T02,US48,United States Lower 48,D,Demand,552115,megawatthours
2025-12-17T01,US48,United States Lower 48,D,Demand,553652,megawatthours
2025-12-17T00,US48,United States Lower 48,D,Demand,549334,megawatthours
2025-12-16T23,US48,United States Lower 48,D,Demand,537807,megawatthours
2025-12-16T22,US48,United States Lower 48,D,Demand,520985,megawatthours
2025-12-16T21,US48,United States Lower 48,D,Demand,513813,megawatthours
2025-12-16T20,US48,United States Lower 48,D,Demand,514799,megawatthours
2025-12-16T19,US48,United States Lower 48,D,Demand,520101,megawatthours
2025-12-16T18,US48,United States Lower 48,D,Demand,530753,megawatthours
2025-12-16T17,US48,United States Lower 48,D,Demand,540629,megawatthours
2025-12-16T16,US48,United States Lower 48,D,Demand,557596,megawatthours
2025-12-16T15,US48,United States Lower 48,D,Demand,572144,megawatthours
2025-12-16T14,US48,United States Lower 48,D,Demand,583822,megawatthours
2025-12-16T13,US48,United States Lower 48,D,Demand,578816,megawatthours
2025-12-16T12,US48,United States Lower 48,D,Demand,556477,megawatthours
2025-12-16T11,US48,United States Lower 48,D,Demand,530885,megawatthours
2025-12-16T10,US48,United States Lower 48,D,Demand,518179,megawatthours
2025-12-16T09,US48,United States Lower 48,D,Demand,515735,megawatthours
2025-12-16T08,US48,United States Lower 48,D,Demand,517212,megawatthours
2025-12-16T07,US48,United States Lower 48,D,Demand,524675,megawatthours
2025-12-16T06,US48,United States Lower 48,D,Demand,536450,megawatthours
2025-12-16T05,US48,United States Lower 48,D,Demand,551782,megawatthours
2025-12-16T04,US48,United States Lower 48,D,Demand,569144,megawatthours
2025-12-16T03,US48,United States Lower 48,D,Demand,585632,megawatthours
2025-12-16T02,US48,United States Lower 48,D,Demand,595255,megawatthours
2025-12-16T01,US48,United States Lower 48,D,Demand,595229,megawatthours
2025-12-16T00,US48,United States Lower 48,D,Demand,587914,megawatthours
2025-12-15T23,US48,United States Lower 48,D,Demand,574735,megawatthours
2025-12-15T22,US48,United States Lower 48,D,Demand,558245,megawatthours
2025-12-15T21,US48,United States Lower 48,D,Demand,552858,megawatthours
2025-12-15T20,US48,United States Lower 48,D,Demand,555918,megawatthours
2025-12-15T19,US48,United States Lower 48,D,Demand,565508,megawatthours
2025-12-15T18,US48,United States Lower 48,D,Demand,566995,megawatthours
2025-12-15T17,US48,United States Lower 48,D,Demand,591309,megawatthours
2025-12-15T16,US48,United States Lower 48,D,Demand,603950,megawatthours
2025-12-15T15,US48,United States Lower 48,D,Demand,616321,megawatthours
2025-12-15T14,US48,United States Lower 48,D,Demand,621012,megawatthours
2025-12-15T13,US48,United States Lower 48,D,Demand,611441,megawatthours
2025-12-15T12,US48,United States Lower 48,D,Demand,584634,megawatthours
2025-12-15T11,US48,United States Lower 48,D,Demand,558407,megawatthours
2025-12-15T10,US48,United States Lower 48,D,Demand,543136,megawatthours
2025-12-15T09,US48,United States Lower 48,D,Demand,538061,megawatthours
2025-12-15T08,US48,United States Lower 48,D,Demand,538428,megawatthours
2025-12-15T07,US48,United States Lower 48,D,Demand,543542,megawatthours
2025-12-15T06,US48,United States Lower 48,D,Demand,550741,megawatthours
2025-12-15T05,US48,United States Lower 48,D,Demand,564658,megawatthours
2025-12-15T04,US48,United States Lower 48,D,Demand,578907,megawatthours
2025-12-15T03,US48,United States Lower 48,D,Demand,591521,megawatthours
2025-12-15T02,US48,United States Lower 48,D,Demand,597908,megawatthours
2025-12-15T01,US48,United States Lower 48,D,Demand,593468,megawatthours
2025-12-15T00,US48,United States Lower 48,D,Demand,584430,megawatthours
2025-12-14T23,US48,United States Lower 48,D,Demand,566163,megawatthours
2025-12-14T22,US48,United States Lower 48,D,Demand,541273,megawatthours
2025-12-14T21,US48,United States Lower 48,D,Demand,526587,megawatthours
2025-12-14T20,US48,United States Lower 48,D,Demand,524356,megawatthours
2025-12-14T19,US48,United States Lower 48,D,Demand,526449,megawatthours
2025-12-14T18,US48,United States Lower 48,D,Demand,528030,megawatthours
2025-12-14T17,US48,United States Lower 48,D,Demand,526227,megawatthours
2025-12-14T16,US48,United States Lower 48,D,Demand,523646,megawatthours
2025-12-14T15,US48,United States Lower 48,D,Demand,517022,megawatthours
2025-12-14T14,US48,United States Lower 48,D,Demand,502623,megawatthours
2025-12-14T13,US48,United States Lower 48,D,Demand,483993,megawatthours
2025-12-14T12,US48,United States Lower 48,D,Demand,467947,megawatthours
2025-12-14T11,US48,United States Lower 48,D,Demand,458486,megawatthours
2025-12-14T10,US48,United States Lower 48,D,Demand,452366,megawatthours
2025-12-14T09,US48,United States Lower 48,D,Demand,453025,megawatthours
2025-12-14T08,US48,United States Lower 48,D,Demand,456600,megawatthours
2025-12-14T07,US48,United States Lower 48,D,Demand,463965,megawatthours
2025-12-14T06,US48,United States Lower 48,D,Demand,474330,megawatthours
2025-12-14T05,US48,United States Lower 48,D,Demand,487267,megawatthours
2025-12-14T04,US48,United States Lower 48,D,Demand,498685,megawatthours
2025-12-14T03,US48,United States Lower 48,D,Demand,507564,megawatthours
2025-12-14T02,US48,United States Lower 48,D,Demand,513457,megawatthours
2025-12-14T01,US48,United States Lower 48,D,Demand,516092,megawatthours
2025-12-14T00,US48,United States Lower 48,D,Demand,513415,megawatthours
2025-12-13T23,US48,United States Lower 48,D,Demand,507384,megawatthours
2025-12-13T22,US48,United States Lower 48,D,Demand,496120,megawatthours
2025-12-13T21,US48,United States Lower 48,D,Demand,489628,megawatthours
2025-12-13T20,US48,United States Lower 48,D,Demand,489035,megawatthours
2025-12-13T19,US48,United States Lower 48,D,Demand,492257,megawatthours
2025-12-13T18,US48,United States Lower 48,D,Demand,496083,megawatthours
2025-12-13T17,US48,United States Lower 48,D,Demand,498883,megawatthours
2025-12-13T16,US48,United States Lower 48,D,Demand,500844,megawatthours
2025-12-13T15,US48,United States Lower 48,D,Demand,504115,megawatthours
2025-12-13T14,US48,United States Lower 48,D,Demand,501576,megawatthours
2025-12-13T13,US48,United States Lower 48,D,Demand,490630,megawatthours
2025-12-13T12,US48,United States Lower 48,D,Demand,475994,megawatthours
2025-12-13T11,US48,United States Lower 48,D,Demand,466461,megawatthours
2025-12-13T10,US48,United States Lower 48,D,Demand,462166,megawatthours
2025-12-13T09,US48,United States Lower 48,D,Demand,462405,megawatthours
2025-12-13T08,US48,United States Lower 48,D,Demand,465614,megawatthours
2025-12-13T07,US48,United States Lower 48,D,Demand,473778,megawatthours
2025-12-13T06,US48,United States Lower 48,D,Demand,484514,megawatthours
2025-12-13T05,US48,United States Lower 48,D,Demand,498602,megawatthours
2025-12-13T04,US48,United States Lower 48,D,Demand,510923,megawatthours
2025-12-13T03,US48,United States Lower 48,D,Demand,519546,megawatthours
2025-12-13T02,US48,United States Lower 48,D,Demand,527122,megawatthours
2025-12-13T01,US48,United States Lower 48,D,Demand,529479,megawatthours
2025-12-13T00,US48,United States Lower 48,D,Demand,528439,megawatthours
2025-12-12T23,US48,United States Lower 48,D,Demand,523265,megawatthours
2025-12-12T22,US48,United States Lower 48,D,Demand,506098,megawatthours
2025-12-12T21,US48,United States Lower 48,D,Demand,497246,megawatthours
2025-12-12T20,US48,United States Lower 48,D,Demand,497509,megawatthours
2025-12-12T19,US48,United States Lower 48,D,Demand,499009,megawatthours
2025-12-12T18,US48,United States Lower 48,D,Demand,505703,megawatthours
2025-12-12T17,US48,United States Lower 48,D,Demand,514015,megawatthours
2025-12-12T16,US48,United States Lower 48,D,Demand,523037,megawatthours
2025-12-12T15,US48,United States Lower 48,D,Demand,532302,megawatthours
2025-12-12T14,US48,United States Lower 48,D,Demand,539136,megawatthours
2025-12-12T13,US48,United States Lower 48,D,Demand,531683,megawatthours
2025-12-12T12,US48,United States Lower 48,D,Demand,507304,megawatthours
2025-12-12T11,US48,United States Lower 48,D,Demand,481582,megawatthours
2025-12-12T10,US48,United States Lower 48,D,Demand,468953,megawatthours
2025-12-12T09,US48,United States Lower 48,D,Demand,466885,megawatthours
2025-12-12T08,US48,United States Lower 48,D,Demand,469614,megawatthours
2025-12-12T07,US48,United States Lower 48,D,Demand,477131,megawatthours
2025-12-12T06,US48,United States Lower 48,D,Demand,488362,megawatthours
2025-12-12T05,US48,United States Lower 48,D,Demand,504845,megawatthours
2025-12-12T04,US48,United States Lower 48,D,Demand,524411,megawatthours
2025-12-12T03,US48,United States Lower 48,D,Demand,539222,megawatthours
2025-12-12T02,US48,United States Lower 48,D,Demand,547535,megawatthours
2025-12-12T01,US48,United States Lower 48,D,Demand,547547,megawatthours
2025-12-12T00,US48,United States Lower 48,D,Demand,541365,megawatthours
2025-12-11T23,US48,United States Lower 48,D,Demand,530513,megawatthours
2025-12-11T22,US48,United States Lower 48,D,Demand,512108,megawatthours
2025-12-11T21,US48,United States Lower 48,D,Demand,500082,megawatthours
2025-12-11T20,US48,United States Lower 48,D,Demand,502023,megawatthours
2025-12-11T19,US48,United States Lower 48,D,Demand,505523,megawatthours
2025-12-11T18,US48,United States Lower 48,D,Demand,510565,megawatthours
2025-12-11T17,US48,United States Lower 48,D,Demand,516459,megawatthours
2025-12-11T16,US48,United States Lower 48,D,Demand,522678,megawatthours
2025-12-11T15,US48,United States Lower 48,D,Demand,531291,megawatthours
2025-12-11T14,US48,United States Lower 48,D,Demand,535816,megawatthours
2025-12-11T13,US48,United States Lower 48,D,Demand,525360,megawatthours
2025-12-11T12,US48,United States Lower 48,D,Demand,497988,megawatthours
2025-12-11T11,US48,United States Lower 48,D,Demand,469447,megawatthours
2025-12-11T10,US48,United States Lower 48,D,Demand,455685,megawatthours
2025-12-11T09,US48,United States Lower 48,D,Demand,451929,megawatthours
2025-12-11T08,US48,United States Lower 48,D,Demand,453432,megawatthours
2025-12-11T07,US48,United States Lower 48,D,Demand,460996,megawatthours
2025-12-11T06,US48,United States Lower 48,D,Demand,473071,megawatthours
2025-12-11T05,US48,United States Lower 48,D,Demand,491070,megawatthours
2025-12-11T04,US48,United States Lower 48,D,Demand,508625,megawatthours
2025-12-11T03,US48,United States Lower 48,D,Demand,523771,megawatthours
2025-12-11T02,US48,United States Lower 48,D,Demand,533406,megawatthours
2025-12-11T01,US48,United States Lower 48,D,Demand,536517,megawatthours
2025-12-11T00,US48,United States Lower 48,D,Demand,532754,megawatthours
2025-12-10T23,US48,United States Lower 48,D,Demand,524375,megawatthours
2025-12-10T22,US48,United States Lower 48,D,Demand,511683,megawatthours
2025-12-10T21,US48,United States Lower 48,D,Demand,505910,megawatthours
2025-12-10T20,US48,United States Lower 48,D,Demand,504173,megawatthours
2025-12-10T19,US48,United States Lower 48,D,Demand,507199,megawatthours
2025-12-10T18,US48,United States Lower 48,D,Demand,510624,megawatthours
2025-12-10T17,US48,United States Lower 48,D,Demand,516310,megawatthours
2025-12-10T16,US48,United States Lower 48,D,Demand,521464,megawatthours
2025-12-10T15,US48,United States Lower 48,D,Demand,530284,megawatthours
2025-12-10T14,US48,United States Lower 48,D,Demand,536500,megawatthours
2025-12-10T13,US48,United States Lower 48,D,Demand,529342,megawatthours
2025-12-10T12,US48,United States Lower 48,D,Demand,505954,megawatthours
2025-12-10T11,US48,United States Lower 48,D,Demand,482072,megawatthours
2025-12-10T10,US48,United States Lower 48,D,Demand,470690,megawatthours
2025-12-10T09,US48,United States Lower 48,D,Demand,468087,megawatthours
2025-12-10T08,US48,United States Lower 48,D,Demand,471241,megawatthours
2025-12-10T07,US48,United States Lower 48,D,Demand,480138,megawatthours
2025-12-10T06,US48,United States Lower 48,D,Demand,491563,megawatthours
2025-12-10T05,US48,United States Lower 48,D,Demand,508825,megawatthours
2025-12-10T04,US48,United States Lower 48,D,Demand,528635,megawatthours
2025-12-10T03,US48,United States Lower 48,D,Demand,545716,megawatthours
2025-12-10T02,US48,United States Lower 48,D,Demand,555340,megawatthours
2025-12-10T01,US48,United States Lower 48,D,Demand,556764,megawatthours
2025-12-10T00,US48,United States Lower 48,D,Demand,548199,megawatthours
2025-12-09T23,US48,United States Lower 48,D,Demand,537583,megawatthours
2025-12-09T22,US48,United States Lower 48,D,Demand,519029,megawatthours
2025-12-09T21,US48,United States Lower 48,D,Demand,510795,megawatthours
2025-12-09T20,US48,United States Lower 48,D,Demand,510531,megawatthours
2025-12-09T19,US48,United States Lower 48,D,Demand,516740,megawatthours
2025-12-09T18,US48,United States Lower 48,D,Demand,524900,megawatthours
2025-12-09T17,US48,United States Lower 48,D,Demand,534817,megawatthours
2025-12-09T16,US48,United States Lower 48,D,Demand,544370,megawatthours
2025-12-09T15,US48,United States Lower 48,D,Demand,556985,megawatthours
2025-12-09T14,US48,United States Lower 48,D,Demand,564032,megawatthours
2025-12-09T13,US48,United States Lower 48,D,Demand,556380,megawatthours
2025-12-09T12,US48,United States Lower 48,D,Demand,530860,megawatthours
2025-12-09T11,US48,United States Lower 48,D,Demand,503625,megawatthours
2025-12-09T10,US48,United States Lower 48,D,Demand,488891,megawatthours
2025-12-09T09,US48,United States Lower 48,D,Demand,484001,megawatthours
2025-12-09T08,US48,United States Lower 48,D,Demand,487907,megawatthours
2025-12-09T07,US48,United States Lower 48,D,Demand,495485,megawatthours
2025-12-09T06,US48,United States Lower 48,D,Demand,506401,megawatthours
2025-12-09T05,US48,United States Lower 48,D,Demand,520099,megawatthours
2025-12-09T04,US48,United States Lower 48,D,Demand,540290,megawatthours
2025-12-09T03,US48,United States Lower 48,D,Demand,556496,megawatthours
2025-12-09T02,US48,United States Lower 48,D,Demand,567111,megawatthours
2025-12-09T01,US48,United States Lower 48,D,Demand,567794,megawatthours
2025-12-09T00,US48,United States Lower 48,D,Demand,562003,megawatthours
2025-12-08T23,US48,United States Lower 48,D,Demand,547061,megawatthours
2025-12-08T22,US48,United States Lower 48,D,Demand,536240,megawatthours
2025-12-08T21,US48,United States Lower 48,D,Demand,527406,megawatthours
2025-12-08T20,US48,United States Lower 48,D,Demand,526410,megawatthours
2025-12-08T19,US48,United States Lower 48,D,Demand,528492,megawatthours
2025-12-08T18,US48,United States Lower 48,D,Demand,531854,megawatthours
2025-12-08T17,US48,United States Lower 48,D,Demand,536368,megawatthours
2025-12-08T16,US48,United States Lower 48,D,Demand,538380,megawatthours
2025-12-08T15,US48,United States Lower 48,D,Demand,538825,megawatthours
2025-12-08T14,US48,United States Lower 48,D,Demand,535335,megawatthours
2025-12-08T13,US48,United States Lower 48,D,Demand,521896,megawatthours
2025-12-08T12,US48,United States Lower 48,D,Demand,494282,megawatthours
2025-12-08T11,US48,United States Lower 48,D,Demand,466231,megawatthours
2025-12-08T10,US48,United States Lower 48,D,Demand,453093,megawatthours
2025-12-08T09,US48,United States Lower 48,D,Demand,448182,megawatthours
2025-12-08T08,US48,United States Lower 48,D,Demand,452195,megawatthours
2025-12-08T07,US48,United States Lower 48,D,Demand,459304,megawatthours
2025-12-08T06,US48,United States Lower 48,D,Demand,468498,megawatthours
2025-12-08T05,US48,United States Lower 48,D,Demand,482782,megawatthours
2025-12-08T04,US48,United States Lower 48,D,Demand,500033,megawatthours
2025-12-08T03,US48,United States Lower 48,D,Demand,513887,megawatthours
2025-12-08T02,US48,United States Lower 48,D,Demand,522303,megawatthours
2025-12-08T01,US48,United States Lower 48,D,Demand,523335,megawatthours
2025-12-08T00,US48,United States Lower 48,D,Demand,518619,megawatthours
2025-12-07T23,US48,United States Lower 48,D,Demand,509378,megawatthours
2025-12-07T22,US48,United States Lower 48,D,Demand,495114,megawatthours
2025-12-07T21,US48,United States Lower 48,D,Demand,489333,megawatthours
2025-12-07T20,US48,United States Lower 48,D,Demand,485838,megawatthours
2025-12-07T19,US48,United States Lower 48,D,Demand,486461,megawatthours
2025-12-07T18,US48,United States Lower 48,D,Demand,483596,megawatthours
2025-12-07T17,US48,United States Lower 48,D,Demand,482747,megawatthours
2025-12-07T16,US48,United States Lower 48,D,Demand,481881,megawatthours
2025-12-07T15,US48,United States Lower 48,D,Demand,480827,megawatthours
2025-12-07T14,US48,United States Lower 48,D,Demand,472996,megawatthours
2025-12-07T13,US48,United States Lower 48,D,Demand,461250,megawatthours
2025-12-07T12,US48,United States Lower 48,D,Demand,449627,megawatthours
2025-12-07T11,US48,United States Lower 48,D,Demand,443382,megawatthours
2025-12-07T10,US48,United States Lower 48,D,Demand,440368,megawatthours
2025-12-07T09,US48,United States Lower 48,D,Demand,441029,megawatthours
2025-12-07T08,US48,United States Lower 48,D,Demand,446408,megawatthours
2025-12-07T07,US48,United States Lower 48,D,Demand,454682,megawatthours
2025-12-07T06,US48,United States Lower 48,D,Demand,466810,megawatthours
2025-12-07T05,US48,United States Lower 48,D,Demand,466864,megawatthours
2025-12-07T04,US48,United States Lower 48,D,Demand,493539,megawatthours
2025-12-07T03,US48,United States Lower 48,D,Demand,503496,megawatthours
2025-12-07T02,US48,United States Lower 48,D,Demand,510743,megawatthours
2025-12-07T01,US48,United States Lower 48,D,Demand,511964,megawatthours
2025-12-07T00,US48,United States Lower 48,D,Demand,510124,megawatthours
2025-12-06T23,US48,United States Lower 48,D,Demand,504292,megawatthours
2025-12-06T22,US48,United States Lower 48,D,Demand,492764,megawatthours
2025-12-06T21,US48,United States Lower 48,D,Demand,490299,megawatthours
2025-12-06T20,US48,United States Lower 48,D,Demand,492731,megawatthours
2025-12-06T19,US48,United States Lower 48,D,Demand,496379,megawatthours
2025-12-06T18,US48,United States Lower 48,D,Demand,500349,megawatthours
2025-12-06T17,US48,United States Lower 48,D,Demand,503489,megawatthours
2025-12-06T16,US48,United States Lower 48,D,Demand,503363,megawatthours
2025-12-06T15,US48,United States Lower 48,D,Demand,500714,megawatthours
2025-12-06T14,US48,United States Lower 48,D,Demand,491337,megawatthours
2025-12-06T13,US48,United States Lower 48,D,Demand,477647,megawatthours
2025-12-06T12,US48,United States Lower 48,D,Demand,462920,megawatthours
2025-12-06T11,US48,United States Lower 48,D,Demand,455208,megawatthours
2025-12-06T10,US48,United States Lower 48,D,Demand,452048,megawatthours
2025-12-06T09,US48,United States Lower 48,D,Demand,453882,megawatthours
2025-12-06T08,US48,United States Lower 48,D,Demand,460257,megawatthours
2025-12-06T07,US48,United States Lower 48,D,Demand,470728,megawatthours
2025-12-06T06,US48,United States Lower 48,D,Demand,484110,megawatthours
2025-12-06T05,US48,United States Lower 48,D,Demand,500077,megawatthours
2025-12-06T04,US48,United States Lower 48,D,Demand,516845,megawatthours
2025-12-06T03,US48,United States Lower 48,D,Demand,530405,megawatthours
2025-12-06T02,US48,United States Lower 48,D,Demand,540555,megawatthours
2025-12-06T01,US48,United States Lower 48,D,Demand,545688,megawatthours
2025-12-06T00,US48,United States Lower 48,D,Demand,546656,megawatthours
2025-12-05T23,US48,United States Lower 48,D,Demand,544037,megawatthours
2025-12-05T22,US48,United States Lower 48,D,Demand,536588,megawatthours
2025-12-05T21,US48,United States Lower 48,D,Demand,532325,megawatthours
2025-12-05T20,US48,United States Lower 48,D,Demand,533387,megawatthours
2025-12-05T19,US48,United States Lower 48,D,Demand,536782,megawatthours
2025-12-05T18,US48,United States Lower 48,D,Demand,540311,megawatthours
2025-12-05T17,US48,United States Lower 48,D,Demand,544470,megawatthours
2025-12-05T16,US48,United States Lower 48,D,Demand,547378,megawatthours
2025-12-05T15,US48,United States Lower 48,D,Demand,548201,megawatthours
2025-12-05T14,US48,United States Lower 48,D,Demand,544470,megawatthours
2025-12-05T13,US48,United States Lower 48,D,Demand,530952,megawatthours
2025-12-05T12,US48,United States Lower 48,D,Demand,505991,megawatthours
2025-12-05T11,US48,United States Lower 48,D,Demand,482421,megawatthours
2025-12-05T10,US48,United States Lower 48,D,Demand,473439,megawatthours
2025-12-05T09,US48,United States Lower 48,D,Demand,472195,megawatthours
2025-12-05T08,US48,United States Lower 48,D,Demand,476854,megawatthours
2025-12-05T07,US48,United States Lower 48,D,Demand,486256,megawatthours
2025-12-05T06,US48,United States Lower 48,D,Demand,498513,megawatthours
2025-12-05T05,US48,United States Lower 48,D,Demand,515438,megawatthours
2025-12-05T04,US48,United States Lower 48,D,Demand,533433,megawatthours
2025-12-05T03,US48,United States Lower 48,D,Demand,548554,megawatthours
2025-12-05T02,US48,United States Lower 48,D,Demand,558059,megawatthours
2025-12-05T01,US48,United States Lower 48,D,Demand,560449,megawatthours
2025-12-05T00,US48,United States Lower 48,D,Demand,555964,megawatthours
2025-12-04T23,US48,United States Lower 48,D,Demand,549780,megawatthours
2025-12-04T22,US48,United States Lower 48,D,Demand,535446,megawatthours
2025-12-04T21,US48,United States Lower 48,D,Demand,530207,megawatthours
2025-12-04T20,US48,United States Lower 48,D,Demand,529598,megawatthours
2025-12-04T19,US48,United States Lower 48,D,Demand,531796,megawatthours
2025-12-04T18,US48,United States Lower 48,D,Demand,536374,megawatthours
2025-12-04T17,US48,United States Lower 48,D,Demand,537284,megawatthours
2025-12-04T16,US48,United States Lower 48,D,Demand,542171,megawatthours
2025-12-04T15,US48,United States Lower 48,D,Demand,544640,megawatthours
2025-12-04T14,US48,United States Lower 48,D,Demand,544066,megawatthours
2025-12-04T13,US48,United States Lower 48,D,Demand,534095,megawatthours
2025-12-04T12,US48,United States Lower 48,D,Demand,512078,megawatthours
2025-12-04T11,US48,United States Lower 48,D,Demand,487148,megawatthours
2025-12-04T10,US48,United States Lower 48,D,Demand,476632,megawatthours
2025-12-04T09,US48,United States Lower 48,D,Demand,475120,megawatthours
2025-12-04T08,US48,United States Lower 48,D,Demand,476840,megawatthours
2025-12-04T07,US48,United States Lower 48,D,Demand,483609,megawatthours
2025-12-04T06,US48,United States Lower 48,D,Demand,493796,megawatthours
2025-12-04T05,US48,United States Lower 48,D,Demand,508307,megawatthours
2025-12-04T04,US48,United States Lower 48,D,Demand,525746,megawatthours
2025-12-04T03,US48,United States Lower 48,D,Demand,541451,megawatthours
2025-12-04T02,US48,United States Lower 48,D,Demand,549647,megawatthours
2025-12-04T01,US48,United States Lower 48,D,Demand,550734,megawatthours
2025-12-04T00,US48,United States Lower 48,D,Demand,543999,megawatthours
2025-12-03T23,US48,United States Lower 48,D,Demand,532372,megawatthours
2025-12-03T22,US48,United States Lower 48,D,Demand,516533,megawatthours
2025-12-03T21,US48,United States Lower 48,D,Demand,508024,megawatthours
2025-12-03T20,US48,United States Lower 48,D,Demand,509111,megawatthours
2025-12-03T19,US48,United States Lower 48,D,Demand,514237,megawatthours
2025-12-03T18,US48,United States Lower 48,D,Demand,522176,megawatthours
2025-12-03T17,US48,United States Lower 48,D,Demand,530158,megawatthours
2025-12-03T16,US48,United States Lower 48,D,Demand,536109,megawatthours
2025-12-03T15,US48,United States Lower 48,D,Demand,540297,megawatthours
2025-12-03T14,US48,United States Lower 48,D,Demand,541806,megawatthours
2025-12-03T13,US48,United States Lower 48,D,Demand,531903,megawatthours
2025-12-03T12,US48,United States Lower 48,D,Demand,507733,megawatthours
2025-12-03T11,US48,United States Lower 48,D,Demand,483195,megawatthours
2025-12-03T10,US48,United States Lower 48,D,Demand,470566,megawatthours
2025-12-03T09,US48,United States Lower 48,D,Demand,467340,megawatthours
2025-12-03T08,US48,United States Lower 48,D,Demand,471778,megawatthours
2025-12-03T07,US48,United States Lower 48,D,Demand,479115,megawatthours
2025-12-03T06,US48,United States Lower 48,D,Demand,492197,megawatthours
2025-12-03T05,US48,United States Lower 48,D,Demand,507514,megawatthours
2025-12-03T04,US48,United States Lower 48,D,Demand,525403,megawatthours
2025-12-03T03,US48,United States Lower 48,D,Demand,541512,megawatthours
2025-12-03T02,US48,United States Lower 48,D,Demand,551894,megawatthours
2025-12-03T01,US48,United States Lower 48,D,Demand,554449,megawatthours
2025-12-03T00,US48,United States Lower 48,D,Demand,550845,megawatthours
2025-12-02T23,US48,United States Lower 48,D,Demand,541403,megawatthours
2025-12-02T22,US48,United States Lower 48,D,Demand,528844,megawatthours
2025-12-02T21,US48,United States Lower 48,D,Demand,521951,megawatthours
2025-12-02T20,US48,United States Lower 48,D,Demand,525579,megawatthours
2025-12-02T19,US48,United States Lower 48,D,Demand,531637,megawatthours
2025-12-02T18,US48,United States Lower 48,D,Demand,536713,megawatthours
2025-12-02T17,US48,United States Lower 48,D,Demand,540262,megawatthours
2025-12-02T16,US48,United States Lower 48,D,Demand,542411,megawatthours
2025-12-02T15,US48,United States Lower 48,D,Demand,539605,megawatthours
2025-12-02T14,US48,United States Lower 48,D,Demand,530705,megawatthours
2025-12-02T13,US48,United States Lower 48,D,Demand,516574,megawatthours
2025-12-02T12,US48,United States Lower 48,D,Demand,492606,megawatthours
2025-12-02T11,US48,United States Lower 48,D,Demand,469208,megawatthours
2025-12-02T10,US48,United States Lower 48,D,Demand,460416,megawatthours
2025-12-02T09,US48,United States Lower 48,D,Demand,458937,megawatthours
2025-12-02T08,US48,United States Lower 48,D,Demand,464681,megawatthours
2025-12-02T07,US48,United States Lower 48,D,Demand,472331,megawatthours
2025-12-02T06,US48,United States Lower 48,D,Demand,482018,megawatthours
2025-12-02T05,US48,United States Lower 48,D,Demand,496990,megawatthours
2025-12-02T04,US48,United States Lower 48,D,Demand,515769,megawatthours
2025-12-02T03,US48,United States Lower 48,D,Demand,532667,megawatthours
2025-12-02T02,US48,United States Lower 48,D,Demand,544018,megawatthours
2025-12-02T01,US48,United States Lower 48,D,Demand,547883,megawatthours
2025-12-02T00,US48,United States Lower 48,D,Demand,548035,megawatthours
2025-12-01T23,US48,United States Lower 48,D,Demand,533396,megawatthours
2025-12-01T22,US48,United States Lower 48,D,Demand,517469,megawatthours
2025-12-01T21,US48,United States Lower 48,D,Demand,510394,megawatthours
2025-12-01T20,US48,United States Lower 48,D,Demand,509764,megawatthours
2025-12-01T19,US48,United States Lower 48,D,Demand,509962,megawatthours
2025-12-01T18,US48,United States Lower 48,D,Demand,516127,megawatthours
2025-12-01T17,US48,United States Lower 48,D,Demand,516588,megawatthours
2025-12-01T16,US48,United States Lower 48,D,Demand,519874,megawatthours
2025-12-01T15,US48,United States Lower 48,D,Demand,519192,megawatthours
2025-12-01T14,US48,United States Lower 48,D,Demand,517935,megawatthours
2025-12-01T13,US48,United States Lower 48,D,Demand,508029,megawatthours
2025-12-01T12,US48,United States Lower 48,D,Demand,483176,megawatthours
2025-12-01T11,US48,United States Lower 48,D,Demand,457340,megawatthours
2025-12-01T10,US48,United States Lower 48,D,Demand,442764,megawatthours
2025-12-01T09,US48,United States Lower 48,D,Demand,438911,megawatthours
2025-12-01T08,US48,United States Lower 48,D,Demand,444268,megawatthours
2025-12-01T07,US48,United States Lower 48,D,Demand,450394,megawatthours
2025-12-01T06,US48,United States Lower 48,D,Demand,459205,megawatthours
2025-12-01T05,US48,United States Lower 48,D,Demand,474172,megawatthours
2025-12-01T04,US48,United States Lower 48,D,Demand,489893,megawatthours
2025-12-01T03,US48,United States Lower 48,D,Demand,504567,megawatthours
2025-12-01T02,US48,United States Lower 48,D,Demand,513193,megawatthours
2025-12-01T01,US48,United States Lower 48,D,Demand,516022,megawatthours
2025-12-01T00,US48,United States Lower 48,D,Demand,513798,megawatthours
2025-11-30T23,US48,United States Lower 48,D,Demand,503950,megawatthours
2025-11-30T22,US48,United States Lower 48,D,Demand,492273,megawatthours
2025-11-30T21,US48,United States Lower 48,D,Demand,485236,megawatthours
2025-11-30T20,US48,United States Lower 48,D,Demand,482554,megawatthours
2025-11-30T19,US48,United States Lower 48,D,Demand,480995,megawatthours
2025-11-30T18,US48,United States Lower 48,D,Demand,479802,megawatthours
2025-11-30T17,US48,United States Lower 48,D,Demand,476686,megawatthours
2025-11-30T16,US48,United States Lower 48,D,Demand,473127,megawatthours
2025-11-30T15,US48,United States Lower 48,D,Demand,466041,megawatthours
2025-11-30T14,US48,United States Lower 48,D,Demand,455699,megawatthours
2025-11-30T13,US48,United States Lower 48,D,Demand,443064,megawatthours
2025-11-30T12,US48,United States Lower 48,D,Demand,431629,megawatthours
2025-11-30T11,US48,United States Lower 48,D,Demand,425026,megawatthours
2025-11-30T10,US48,United States Lower 48,D,Demand,422884,megawatthours
2025-11-30T09,US48,United States Lower 48,D,Demand,424565,megawatthours
2025-11-30T08,US48,United States Lower 48,D,Demand,429994,megawatthours
2025-11-30T07,US48,United States Lower 48,D,Demand,438243,megawatthours
2025-11-30T06,US48,United States Lower 48,D,Demand,448611,megawatthours
2025-11-30T05,US48,United States Lower 48,D,Demand,459434,megawatthours
2025-11-30T04,US48,United States Lower 48,D,Demand,472362,megawatthours
2025-11-30T03,US48,United States Lower 48,D,Demand,483078,megawatthours
2025-11-30T02,US48,United States Lower 48,D,Demand,489636,megawatthours
2025-11-30T01,US48,United States Lower 48,D,Demand,492663,megawatthours
2025-11-30T00,US48,United States Lower 48,D,Demand,493373,megawatthours
2025-11-29T23,US48,United States Lower 48,D,Demand,485101,megawatthours
2025-11-29T22,US48,United States Lower 48,D,Demand,471839,megawatthours
2025-11-29T21,US48,United States Lower 48,D,Demand,464246,megawatthours
2025-11-29T20,US48,United States Lower 48,D,Demand,461209,megawatthours
2025-11-29T19,US48,United States Lower 48,D,Demand,461390,megawatthours
2025-11-29T18,US48,United States Lower 48,D,Demand,463476,megawatthours
2025-11-29T17,US48,United States Lower 48,D,Demand,464981,megawatthours
2025-11-29T16,US48,United States Lower 48,D,Demand,466380,megawatthours
2025-11-29T15,US48,United States Lower 48,D,Demand,465728,megawatthours
2025-11-29T14,US48,United States Lower 48,D,Demand,465337,megawatthours
2025-11-29T13,US48,United States Lower 48,D,Demand,459193,megawatthours
2025-11-29T12,US48,United States Lower 48,D,Demand,447800,megawatthours
2025-11-29T11,US48,United States Lower 48,D,Demand,439285,megawatthours
2025-11-29T10,US48,United States Lower 48,D,Demand,435216,megawatthours
2025-11-29T09,US48,United States Lower 48,D,Demand,434922,megawatthours
2025-11-29T08,US48,United States Lower 48,D,Demand,440397,megawatthours
2025-11-29T07,US48,United States Lower 48,D,Demand,447353,megawatthours
2025-11-29T06,US48,United States Lower 48,D,Demand,455770,megawatthours
2025-11-29T05,US48,United States Lower 48,D,Demand,466160,megawatthours
2025-11-29T04,US48,United States Lower 48,D,Demand,476470,megawatthours
2025-11-29T03,US48,United States Lower 48,D,Demand,486351,megawatthours
2025-11-29T02,US48,United States Lower 48,D,Demand,490218,megawatthours
2025-11-29T01,US48,United States Lower 48,D,Demand,490778,megawatthours
2025-11-29T00,US48,United States Lower 48,D,Demand,488074,megawatthours
2025-11-28T23,US48,United States Lower 48,D,Demand,476945,megawatthours
2025-11-28T22,US48,United States Lower 48,D,Demand,460716,megawatthours
2025-11-28T21,US48,United States Lower 48,D,Demand,450161,megawatthours
2025-11-28T20,US48,United States Lower 48,D,Demand,448318,megawatthours
2025-11-28T19,US48,United States Lower 48,D,Demand,449519,megawatthours
2025-11-28T18,US48,United States Lower 48,D,Demand,452473,megawatthours
2025-11-28T17,US48,United States Lower 48,D,Demand,454224,megawatthours
2025-11-28T16,US48,United States Lower 48,D,Demand,457613,megawatthours
2025-11-28T15,US48,United States Lower 48,D,Demand,461404,megawatthours
2025-11-28T14,US48,United States Lower 48,D,Demand,462478,megawatthours
2025-11-28T13,US48,United States Lower 48,D,Demand,456870,megawatthours
2025-11-28T12,US48,United States Lower 48,D,Demand,442408,megawatthours
2025-11-28T11,US48,United States Lower 48,D,Demand,427826,megawatthours
2025-11-28T10,US48,United States Lower 48,D,Demand,418910,megawatthours
2025-11-28T09,US48,United States Lower 48,D,Demand,415577,megawatthours
2025-11-28T08,US48,United States Lower 48,D,Demand,418923,megawatthours
2025-11-28T07,US48,United States Lower 48,D,Demand,423167,megawatthours
2025-11-28T06,US48,United States Lower 48,D,Demand,429005,megawatthours
2025-11-28T05,US48,United States Lower 48,D,Demand,434262,megawatthours
2025-11-28T04,US48,United States Lower 48,D,Demand,441943,megawatthours
2025-11-28T03,US48,United States Lower 48,D,Demand,446966,megawatthours
2025-11-28T02,US48,United States Lower 48,D,Demand,448878,megawatthours
2025-11-28T01,US48,United States Lower 48,D,Demand,447224,megawatthours
2025-11-28T00,US48,United States Lower 48,D,Demand,446488,megawatthours
2025-11-27T23,US48,United States Lower 48,D,Demand,442638,megawatthours
2025-11-27T22,US48,United States Lower 48,D,Demand,438306,megawatthours
2025-11-27T21,US48,United States Lower 48,D,Demand,440305,megawatthours
2025-11-27T20,US48,United States Lower 48,D,Demand,445664,megawatthours
2025-11-27T19,US48,United States Lower 48,D,Demand,452484,megawatthours
2025-11-27T18,US48,United States Lower 48,D,Demand,460454,megawatthours
2025-11-27T17,US48,United States Lower 48,D,Demand,461231,megawatthours
2025-11-27T16,US48,United States Lower 48,D,Demand,457510,megawatthours
2025-11-27T15,US48,United States Lower 48,D,Demand,449452,megawatthours
2025-11-27T14,US48,United States Lower 48,D,Demand,438582,megawatthours
2025-11-27T13,US48,United States Lower 48,D,Demand,425446,megawatthours
2025-11-27T12,US48,United States Lower 48,D,Demand,408382,megawatthours
2025-11-27T11,US48,United States Lower 48,D,Demand,400443,megawatthours
2025-11-27T10,US48,United States Lower 48,D,Demand,397988,megawatthours
2025-11-27T09,US48,United States Lower 48,D,Demand,401909,megawatthours
2025-11-27T08,US48,United States Lower 48,D,Demand,410763,megawatthours
2025-11-27T07,US48,United States Lower 48,D,Demand,419254,megawatthours
2025-11-27T06,US48,United States Lower 48,D,Demand,430842,megawatthours
2025-11-27T05,US48,United States Lower 48,D,Demand,446147,megawatthours
2025-11-27T04,US48,United States Lower 48,D,Demand,461791,megawatthours
2025-11-27T03,US48,United States Lower 48,D,Demand,475142,megawatthours
2025-11-27T02,US48,United States Lower 48,D,Demand,484409,megawatthours
2025-11-27T01,US48,United States Lower 48,D,Demand,489544,megawatthours
2025-11-27T00,US48,United States Lower 48,D,Demand,492916,megawatthours
2025-11-26T23,US48,United States Lower 48,D,Demand,489251,megawatthours
2025-11-26T22,US48,United States Lower 48,D,Demand,482330,megawatthours
2025-11-26T21,US48,United States Lower 48,D,Demand,479153,megawatthours
2025-11-26T20,US48,United States Lower 48,D,Demand,478966,megawatthours
2025-11-26T19,US48,United States Lower 48,D,Demand,479335,megawatthours
2025-11-26T18,US48,United States Lower 48,D,Demand,478368,megawatthours
2025-11-26T17,US48,United States Lower 48,D,Demand,476173,megawatthours
2025-11-26T16,US48,United States Lower 48,D,Demand,473113,megawatthours
2025-11-26T15,US48,United States Lower 48,D,Demand,465779,megawatthours
2025-11-26T14,US48,United States Lower 48,D,Demand,453863,megawatthours
2025-11-26T13,US48,United States Lower 48,D,Demand,436551,megawatthours
2025-11-26T12,US48,United States Lower 48,D,Demand,416856,megawatthours
2025-11-26T11,US48,United States Lower 48,D,Demand,399659,megawatthours
2025-11-26T10,US48,United States Lower 48,D,Demand,394506,megawatthours
2025-11-26T09,US48,United States Lower 48,D,Demand,394648,megawatthours
2025-11-26T08,US48,United States Lower 48,D,Demand,403178,megawatthours
2025-11-26T07,US48,United States Lower 48,D,Demand,413386,megawatthours
2025-11-26T06,US48,United States Lower 48,D,Demand,426537,megawatthours
2025-11-26T05,US48,United States Lower 48,D,Demand,432280,megawatthours
2025-11-26T04,US48,United States Lower 48,D,Demand,459091,megawatthours
2025-11-26T03,US48,United States Lower 48,D,Demand,474220,megawatthours
2025-11-26T02,US48,United States Lower 48,D,Demand,483808,megawatthours
2025-11-26T01,US48,United States Lower 48,D,Demand,490916,megawatthours
2025-11-26T00,US48,United States Lower 48,D,Demand,494862,megawatthours
2025-11-25T23,US48,United States Lower 48,D,Demand,493462,megawatthours
2025-11-25T22,US48,United States Lower 48,D,Demand,488007,megawatthours
2025-11-25T21,US48,United States Lower 48,D,Demand,485363,megawatthours
2025-11-25T20,US48,United States Lower 48,D,Demand,484349,megawatthours
2025-11-25T19,US48,United States Lower 48,D,Demand,482197,megawatthours
2025-11-25T18,US48,United States Lower 48,D,Demand,478646,megawatthours
2025-11-25T17,US48,United States Lower 48,D,Demand,475085,megawatthours
2025-11-25T16,US48,United States Lower 48,D,Demand,470018,megawatthours
2025-11-25T15,US48,United States Lower 48,D,Demand,463313,megawatthours
2025-11-25T14,US48,United States Lower 48,D,Demand,454467,megawatthours
2025-11-25T13,US48,United States Lower 48,D,Demand,443032,megawatthours
2025-11-25T12,US48,United States Lower 48,D,Demand,422772,megawatthours
2025-11-25T11,US48,United States Lower 48,D,Demand,402138,megawatthours
2025-11-25T10,US48,United States Lower 48,D,Demand,395044,megawatthours
2025-11-25T09,US48,United States Lower 48,D,Demand,396431,megawatthours
2025-11-25T08,US48,United States Lower 48,D,Demand,403320,megawatthours
2025-11-25T07,US48,United States Lower 48,D,Demand,412192,megawatthours
2025-11-25T06,US48,United States Lower 48,D,Demand,423691,megawatthours
2025-11-25T05,US48,United States Lower 48,D,Demand,442029,megawatthours
2025-11-25T04,US48,United States Lower 48,D,Demand,458556,megawatthours
2025-11-25T03,US48,United States Lower 48,D,Demand,476427,megawatthours
2025-11-25T02,US48,United States Lower 48,D,Demand,487037,megawatthours
2025-11-25T01,US48,United States Lower 48,D,Demand,492348,megawatthours
2025-11-25T00,US48,United States Lower 48,D,Demand,494653,megawatthours
2025-11-24T23,US48,United States Lower 48,D,Demand,489251,megawatthours
2025-11-24T22,US48,United States Lower 48,D,Demand,477761,megawatthours
2025-11-24T21,US48,United States Lower 48,D,Demand,471961,megawatthours
2025-11-24T20,US48,United States Lower 48,D,Demand,470587,megawatthours
2025-11-24T19,US48,United States Lower 48,D,Demand,471689,megawatthours
2025-11-24T18,US48,United States Lower 48,D,Demand,470276,megawatthours
2025-11-24T17,US48,United States Lower 48,D,Demand,467317,megawatthours
2025-11-24T16,US48,United States Lower 48,D,Demand,465308,megawatthours
2025-11-24T15,US48,United States Lower 48,D,Demand,463618,megawatthours
2025-11-24T14,US48,United States Lower 48,D,Demand,460817,megawatthours
2025-11-24T13,US48,United States Lower 48,D,Demand,452075,megawatthours
2025-11-24T12,US48,United States Lower 48,D,Demand,430676,megawatthours
2025-11-24T11,US48,United States Lower 48,D,Demand,405495,megawatthours
2025-11-24T10,US48,United States Lower 48,D,Demand,393356,megawatthours
2025-11-24T09,US48,United States Lower 48,D,Demand,391646,megawatthours
2025-11-24T08,US48,United States Lower 48,D,Demand,396484,megawatthours
2025-11-24T07,US48,United States Lower 48,D,Demand,403503,megawatthours
2025-11-24T06,US48,United States Lower 48,D,Demand,413172,megawatthours
2025-11-24T05,US48,United States Lower 48,D,Demand,424677,megawatthours
2025-11-24T04,US48,United States Lower 48,D,Demand,438796,megawatthours
2025-11-24T03,US48,United States Lower 48,D,Demand,452504,megawatthours
2025-11-24T02,US48,United States Lower 48,D,Demand,460653,megawatthours
2025-11-24T01,US48,United States Lower 48,D,Demand,462977,megawatthours
2025-11-24T00,US48,United States Lower 48,D,Demand,464538,megawatthours
2025-11-23T23,US48,United States Lower 48,D,Demand,456501,megawatthours
2025-11-23T22,US48,United States Lower 48,D,Demand,442813,megawatthours
2025-11-23T21,US48,United States Lower 48,D,Demand,436759,megawatthours
2025-11-23T20,US48,United States Lower 48,D,Demand,433670,megawatthours
2025-11-23T19,US48,United States Lower 48,D,Demand,431421,megawatthours
2025-11-23T18,US48,United States Lower 48,D,Demand,428339,megawatthours
2025-11-23T17,US48,United States Lower 48,D,Demand,423725,megawatthours
2025-11-23T16,US48,United States Lower 48,D,Demand,419832,megawatthours
2025-11-23T15,US48,United States Lower 48,D,Demand,415681,megawatthours
2025-11-23T14,US48,United States Lower 48,D,Demand,408137,megawatthours
2025-11-23T13,US48,United States Lower 48,D,Demand,397867,megawatthours
2025-11-23T12,US48,United States Lower 48,D,Demand,387979,megawatthours
2025-11-23T11,US48,United States Lower 48,D,Demand,381385,megawatthours
2025-11-23T10,US48,United States Lower 48,D,Demand,380212,megawatthours
2025-11-23T09,US48,United States Lower 48,D,Demand,382567,megawatthours
2025-11-23T08,US48,United States Lower 48,D,Demand,388109,megawatthours
2025-11-23T07,US48,United States Lower 48,D,Demand,397099,megawatthours
2025-11-23T06,US48,United States Lower 48,D,Demand,407313,megawatthours
2025-11-23T05,US48,United States Lower 48,D,Demand,419920,megawatthours
2025-11-23T04,US48,United States Lower 48,D,Demand,432653,megawatthours
2025-11-23T03,US48,United States Lower 48,D,Demand,443895,megawatthours
2025-11-23T02,US48,United States Lower 48,D,Demand,451508,megawatthours
2025-11-23T01,US48,United States Lower 48,D,Demand,456361,megawatthours
2025-11-23T00,US48,United States Lower 48,D,Demand,459890,megawatthours
2025-11-22T23,US48,United States Lower 48,D,Demand,457385,megawatthours
2025-11-22T22,US48,United States Lower 48,D,Demand,451260,megawatthours
2025-11-22T21,US48,United States Lower 48,D,Demand,445936,megawatthours
2025-11-22T20,US48,United States Lower 48,D,Demand,442904,megawatthours
2025-11-22T19,US48,United States Lower 48,D,Demand,440623,megawatthours
2025-11-22T18,US48,United States Lower 48,D,Demand,439631,megawatthours
2025-11-22T17,US48,United States Lower 48,D,Demand,437331,megawatthours
2025-11-22T16,US48,United States Lower 48,D,Demand,432029,megawatthours
2025-11-22T15,US48,United States Lower 48,D,Demand,423635,megawatthours
2025-11-22T14,US48,United States Lower 48,D,Demand,411845,megawatthours
2025-11-22T13,US48,United States Lower 48,D,Demand,399489,megawatthours
2025-11-22T12,US48,United States Lower 48,D,Demand,388723,megawatthours
2025-11-22T11,US48,United States Lower 48,D,Demand,382314,megawatthours
2025-11-22T10,US48,United States Lower 48,D,Demand,381105,megawatthours
2025-11-22T09,US48,United States Lower 48,D,Demand,383947,megawatthours
2025-11-22T08,US48,United States Lower 48,D,Demand,392344,megawatthours
2025-11-22T07,US48,United States Lower 48,D,Demand,402698,megawatthours
2025-11-22T06,US48,United States Lower 48,D,Demand,416007,megawatthours
2025-11-22T05,US48,United States Lower 48,D,Demand,431811,megawatthours
2025-11-22T04,US48,United States Lower 48,D,Demand,447143,megawatthours
2025-11-22T03,US48,United States Lower 48,D,Demand,460866,megawatthours
2025-11-22T02,US48,United States Lower 48,D,Demand,469723,megawatthours
2025-11-22T01,US48,United States Lower 48,D,Demand,474968,megawatthours
2025-11-22T00,US48,United States Lower 48,D,Demand,481130,megawatthours
2025-11-21T23,US48,United States Lower 48,D,Demand,482410,megawatthours
2025-11-21T22,US48,United States Lower 48,D,Demand,477265,megawatthours
2025-11-21T21,US48,United States Lower 48,D,Demand,473858,megawatthours
2025-11-21T20,US48,United States Lower 48,D,Demand,473457,megawatthours
2025-11-21T19,US48,United States Lower 48,D,Demand,473483,megawatthours
2025-11-21T18,US48,United States Lower 48,D,Demand,473135,megawatthours
2025-11-21T17,US48,United States Lower 48,D,Demand,472029,megawatthours
2025-11-21T16,US48,United States Lower 48,D,Demand,468295,megawatthours
2025-11-21T15,US48,United States Lower 48,D,Demand,460882,megawatthours
2025-11-21T14,US48,United States Lower 48,D,Demand,453273,megawatthours
2025-11-21T13,US48,United States Lower 48,D,Demand,442278,megawatthours
2025-11-21T12,US48,United States Lower 48,D,Demand,421494,megawatthours
2025-11-21T11,US48,United States Lower 48,D,Demand,401122,megawatthours
2025-11-21T10,US48,United States Lower 48,D,Demand,392279,megawatthours
2025-11-21T09,US48,United States Lower 48,D,Demand,392382,megawatthours
2025-11-21T08,US48,United States Lower 48,D,Demand,398061,megawatthours
2025-11-21T07,US48,United States Lower 48,D,Demand,407766,megawatthours
2025-11-21T06,US48,United States Lower 48,D,Demand,424683,megawatthours
2025-11-21T05,US48,United States Lower 48,D,Demand,441202,megawatthours
2025-11-21T04,US48,United States Lower 48,D,Demand,460270,megawatthours
2025-11-21T03,US48,United States Lower 48,D,Demand,476496,megawatthours
2025-11-21T02,US48,United States Lower 48,D,Demand,487522,megawatthours
2025-11-21T01,US48,United States Lower 48,D,Demand,493598,megawatthours
2025-11-21T00,US48,United States Lower 48,D,Demand,497270,megawatthours
2025-11-20T23,US48,United States Lower 48,D,Demand,495508,megawatthours
2025-11-20T22,US48,United States Lower 48,D,Demand,488689,megawatthours
2025-11-20T21,US48,United States Lower 48,D,Demand,483490,megawatthours
2025-11-20T20,US48,United States Lower 48,D,Demand,480446,megawatthours
2025-11-20T19,US48,United States Lower 48,D,Demand,478026,megawatthours
2025-11-20T18,US48,United States Lower 48,D,Demand,475960,megawatthours
2025-11-20T17,US48,United States Lower 48,D,Demand,469449,megawatthours
2025-11-20T16,US48,United States Lower 48,D,Demand,465508,megawatthours
2025-11-20T15,US48,United States Lower 48,D,Demand,461262,megawatthours
2025-11-20T14,US48,United States Lower 48,D,Demand,456531,megawatthours
2025-11-20T13,US48,United States Lower 48,D,Demand,447442,megawatthours
2025-11-20T12,US48,United States Lower 48,D,Demand,426881,megawatthours
2025-11-20T11,US48,United States Lower 48,D,Demand,404608,megawatthours
2025-11-20T10,US48,United States Lower 48,D,Demand,396318,megawatthours
2025-11-20T09,US48,United States Lower 48,D,Demand,395758,megawatthours
2025-11-20T08,US48,United States Lower 48,D,Demand,404978,megawatthours
2025-11-20T07,US48,United States Lower 48,D,Demand,414728,megawatthours
2025-11-20T06,US48,United States Lower 48,D,Demand,427407,megawatthours
2025-11-20T05,US48,United States Lower 48,D,Demand,446334,megawatthours
2025-11-20T04,US48,United States Lower 48,D,Demand,465760,megawatthours
2025-11-20T03,US48,United States Lower 48,D,Demand,482415,megawatthours
2025-11-20T02,US48,United States Lower 48,D,Demand,492949,megawatthours
2025-11-20T01,US48,United States Lower 48,D,Demand,499573,megawatthours
2025-11-20T00,US48,United States Lower 48,D,Demand,502823,megawatthours
2025-11-19T23,US48,United States Lower 48,D,Demand,499984,megawatthours
2025-11-19T22,US48,United States Lower 48,D,Demand,492462,megawatthours
2025-11-19T21,US48,United States Lower 48,D,Demand,487985,megawatthours
2025-11-19T20,US48,United States Lower 48,D,Demand,484910,megawatthours
2025-11-19T19,US48,United States Lower 48,D,Demand,480112,megawatthours
2025-11-19T18,US48,United States Lower 48,D,Demand,475785,megawatthours
2025-11-19T17,US48,United States Lower 48,D,Demand,472167,megawatthours
2025-11-19T16,US48,United States Lower 48,D,Demand,468032,megawatthours
2025-11-19T15,US48,United States Lower 48,D,Demand,463287,megawatthours
2025-11-19T14,US48,United States Lower 48,D,Demand,459422,megawatthours
2025-11-19T13,US48,United States Lower 48,D,Demand,451553,megawatthours
2025-11-19T12,US48,United States Lower 48,D,Demand,430595,megawatthours
2025-11-19T11,US48,United States Lower 48,D,Demand,407011,megawatthours
2025-11-19T10,US48,United States Lower 48,D,Demand,399371,megawatthours
2025-11-19T09,US48,United States Lower 48,D,Demand,398350,megawatthours
2025-11-19T08,US48,United States Lower 48,D,Demand,407243,megawatthours
2025-11-19T07,US48,United States Lower 48,D,Demand,417374,megawatthours
2025-11-19T06,US48,United States Lower 48,D,Demand,429137,megawatthours
2025-11-19T05,US48,United States Lower 48,D,Demand,446243,megawatthours
2025-11-19T04,US48,United States Lower 48,D,Demand,465127,megawatthours
2025-11-19T03,US48,United States Lower 48,D,Demand,481803,megawatthours
2025-11-19T02,US48,United States Lower 48,D,Demand,493572,megawatthours
2025-11-19T01,US48,United States Lower 48,D,Demand,499875,megawatthours
2025-11-19T00,US48,United States Lower 48,D,Demand,500884,megawatthours
